[debug] [2026-08-29T01:39:09.952Z] ----------------------------------------------------------------------
[debug] [2026-08-29T01:39:09.954Z] Command:       /usr/local/bin/node /Users/michaelmarkivee/.npm/_npx/7750544ccf494d8b/node_modules/.bin/firebase deploy --only functions
[debug] [2026-08-29T01:39:09.954Z] CLI Version:   15.28.2
[debug] [2026-08-29T01:39:09.954Z] Platform:      darwin
[debug] [2026-08-29T01:39:09.954Z] Node Version:  v24.19.0
[debug] [2026-08-29T01:39:09.954Z] Detected Agent: unknown
[debug] [2026-08-29T01:39:09.954Z] Time:          Fri Aug 28 2026 21:39:09 GMT-0400 (Eastern Daylight Time)
[debug] [2026-08-29T01:39:09.954Z] ----------------------------------------------------------------------
[debug] 
[debug] [2026-08-29T01:39:14.057Z] > command requires scopes: ["email","openid","https://www.googleapis.com/auth/cloudplatformprojects.readonly","https://www.googleapis.com/auth/firebase","https://www.googleapis.com/auth/cloud-platform"]
[debug] [2026-08-29T01:39:14.058Z] > authorizing via signed-in user (markivee@gmail.com)
[debug] [2026-08-29T01:39:14.058Z] [iam] checking project atlas-players-app for permissions ["cloudfunctions.functions.create","cloudfunctions.functions.delete","cloudfunctions.functions.get","cloudfunctions.functions.list","cloudfunctions.functions.update","cloudfunctions.operations.get","firebase.projects.get"]
[debug] [2026-08-29T01:39:14.082Z] Checked if tokens are valid: true, expires at: 1787969485471
[debug] [2026-08-29T01:39:14.082Z] Checked if tokens are valid: true, expires at: 1787969485471
[debug] [2026-08-29T01:39:14.083Z] >>> [apiv2][query] POST https://cloudresourcemanager.googleapis.com/v1/projects/atlas-players-app:testIamPermissions [none]
[debug] [2026-08-29T01:39:14.083Z] >>> [apiv2][(partial)header] POST https://cloudresourcemanager.googleapis.com/v1/projects/atlas-players-app:testIamPermissions  x-goog-user-project=atlas-players-app
[debug] [2026-08-29T01:39:14.083Z] >>> [apiv2][body] POST https://cloudresourcemanager.googleapis.com/v1/projects/atlas-players-app:testIamPermissions {"permissions":["cloudfunctions.functions.create","cloudfunctions.functions.delete","cloudfunctions.functions.get","cloudfunctions.functions.list","cloudfunctions.functions.update","cloudfunctions.operations.get","firebase.projects.get"]}
[debug] [2026-08-29T01:39:15.360Z] <<< [apiv2][status] POST https://cloudresourcemanager.googleapis.com/v1/projects/atlas-players-app:testIamPermissions 200
[debug] [2026-08-29T01:39:15.361Z] <<< [apiv2][body] POST https://cloudresourcemanager.googleapis.com/v1/projects/atlas-players-app:testIamPermissions {"permissions":["cloudfunctions.functions.create","cloudfunctions.functions.delete","cloudfunctions.functions.get","cloudfunctions.functions.list","cloudfunctions.functions.update","cloudfunctions.operations.get","firebase.projects.get"]}
[debug] [2026-08-29T01:39:15.362Z] Checked if tokens are valid: true, expires at: 1787969485471
[debug] [2026-08-29T01:39:15.362Z] Checked if tokens are valid: true, expires at: 1787969485471
[debug] [2026-08-29T01:39:15.363Z] >>> [apiv2][query] POST https://iam.googleapis.com/v1/projects/atlas-players-app/serviceAccounts/atlas-players-app@appspot.gserviceaccount.com:testIamPermissions [none]
[debug] [2026-08-29T01:39:15.363Z] >>> [apiv2][body] POST https://iam.googleapis.com/v1/projects/atlas-players-app/serviceAccounts/atlas-players-app@appspot.gserviceaccount.com:testIamPermissions {"permissions":["iam.serviceAccounts.actAs"]}
[debug] [2026-08-29T01:39:16.612Z] <<< [apiv2][status] POST https://iam.googleapis.com/v1/projects/atlas-players-app/serviceAccounts/atlas-players-app@appspot.gserviceaccount.com:testIamPermissions 200
[debug] [2026-08-29T01:39:16.612Z] <<< [apiv2][body] POST https://iam.googleapis.com/v1/projects/atlas-players-app/serviceAccounts/atlas-players-app@appspot.gserviceaccount.com:testIamPermissions {"permissions":["iam.serviceAccounts.actAs"]}
[info] 
[info] === Deploying to 'atlas-players-app'...
[info] 
[info] i  deploying functions 
[debug] [2026-08-29T01:39:16.617Z] Checked if tokens are valid: true, expires at: 1787969485471
[debug] [2026-08-29T01:39:16.617Z] Checked if tokens are valid: true, expires at: 1787969485471
[debug] [2026-08-29T01:39:16.617Z] >>> [apiv2][query] GET https://cloudresourcemanager.googleapis.com/v1/projects/atlas-players-app [none]
[debug] [2026-08-29T01:39:16.705Z] <<< [apiv2][status] GET https://cloudresourcemanager.googleapis.com/v1/projects/atlas-players-app 200
[debug] [2026-08-29T01:39:16.705Z] <<< [apiv2][body] GET https://cloudresourcemanager.googleapis.com/v1/projects/atlas-players-app {"projectNumber":"211739354235","projectId":"atlas-players-app","lifecycleState":"ACTIVE","name":"atlas-players-app","labels":{"firebase":"enabled","firebase-core":"disabled"},"createTime":"2026-08-23T20:07:53.539Z"}
[info] i  functions: preparing codebase default for deployment 
[info] i  functions: ensuring required API cloudfunctions.googleapis.com is enabled... 
[info] i  functions: ensuring required API cloudbuild.googleapis.com is enabled... 
[info] i  artifactregistry: ensuring required API artifactregistry.googleapis.com is enabled... 
[debug] [2026-08-29T01:39:16.708Z] Checked if tokens are valid: true, expires at: 1787969485471
[debug] [2026-08-29T01:39:16.708Z] Checked if tokens are valid: true, expires at: 1787969485471
[debug] [2026-08-29T01:39:16.708Z] >>> [apiv2][query] GET https://firebase.googleapis.com/v1beta1/projects/atlas-players-app/adminSdkConfig [none]
[debug] [2026-08-29T01:39:18.161Z] <<< [apiv2][status] GET https://firebase.googleapis.com/v1beta1/projects/atlas-players-app/adminSdkConfig 200
[debug] [2026-08-29T01:39:18.161Z] <<< [apiv2][body] GET https://firebase.googleapis.com/v1beta1/projects/atlas-players-app/adminSdkConfig {"projectId":"atlas-players-app","storageBucket":"atlas-players-app.firebasestorage.app"}
[debug] [2026-08-29T01:39:18.162Z] Checked if tokens are valid: true, expires at: 1787969485471
[debug] [2026-08-29T01:39:18.162Z] Checked if tokens are valid: true, expires at: 1787969485471
[debug] [2026-08-29T01:39:18.162Z] >>> [apiv2][query] GET https://runtimeconfig.googleapis.com/v1beta1/projects/atlas-players-app/configs [none]
[debug] [2026-08-29T01:39:19.462Z] <<< [apiv2][status] GET https://runtimeconfig.googleapis.com/v1beta1/projects/atlas-players-app/configs 200
[debug] [2026-08-29T01:39:19.462Z] <<< [apiv2][body] GET https://runtimeconfig.googleapis.com/v1beta1/projects/atlas-players-app/configs {}
[debug] [2026-08-29T01:39:19.465Z] Validating nodejs source
[debug] [2026-08-29T01:39:19.956Z] > [functions] package.json contents: {
  "name": "functions",
  "description": "Atlas Cloud Functions — Stripe subscriptions and webhooks",
  "type": "module",
  "engines": {
    "node": "22"
  },
  "main": "index.js",
  "dependencies": {
    "firebase-admin": "^12.1.0",
    "firebase-functions": "^7.3.2",
    "stripe": "^16.2.0"
  },
  "private": true
}
[debug] [2026-08-29T01:39:19.956Z] Building nodejs source
[info] i  functions: Loading and analyzing source code for codebase default to determine what to deploy 
[debug] [2026-08-29T01:39:19.956Z] Could not find functions.yaml. Must use http discovery
[debug] [2026-08-29T01:39:19.970Z] Found firebase-functions binary at '/Users/michaelmarkivee/Desktop/Atlas/atlas-players-app/functions/node_modules/.bin/firebase-functions'
[info] Serving at port 8974

[debug] [2026-08-29T01:39:20.457Z] Got response from /__/functions.yaml {"endpoints":{"helloWorld":{"availableMemoryMb":null,"timeoutSeconds":null,"minInstances":null,"maxInstances":null,"ingressSettings":null,"concurrency":null,"serviceAccountEmail":null,"vpc":null,"platform":"gcfv2","labels":{},"httpsTrigger":{},"entryPoint":"helloWorld"}},"specVersion":"v1alpha1","requiredAPIs":[],"extensions":{}}
[debug] [2026-08-29T01:39:23.482Z] Checked if tokens are valid: true, expires at: 1787969485471
[debug] [2026-08-29T01:39:23.483Z] Checked if tokens are valid: true, expires at: 1787969485471
[debug] [2026-08-29T01:39:23.483Z] >>> [apiv2][query] GET https://cloudfunctions.googleapis.com/v1/projects/atlas-players-app/locations/-/functions [none]
[debug] [2026-08-29T01:39:25.098Z] <<< [apiv2][status] GET https://cloudfunctions.googleapis.com/v1/projects/atlas-players-app/locations/-/functions 200
[debug] [2026-08-29T01:39:25.098Z] <<< [apiv2][body] GET https://cloudfunctions.googleapis.com/v1/projects/atlas-players-app/locations/-/functions {}
[debug] [2026-08-29T01:39:25.099Z] Checked if tokens are valid: true, expires at: 1787969485471
[debug] [2026-08-29T01:39:25.099Z] Checked if tokens are valid: true, expires at: 1787969485471
[debug] [2026-08-29T01:39:25.099Z] >>> [apiv2][query] GET https://cloudfunctions.googleapis.com/v2/projects/atlas-players-app/locations/-/functions filter=environment%3D%22GEN_2%22
[debug] [2026-08-29T01:39:25.480Z] <<< [apiv2][status] GET https://cloudfunctions.googleapis.com/v2/projects/atlas-players-app/locations/-/functions 200
[debug] [2026-08-29T01:39:25.480Z] <<< [apiv2][body] GET https://cloudfunctions.googleapis.com/v2/projects/atlas-players-app/locations/-/functions {}
[info] i  extensions: ensuring required API firebaseextensions.googleapis.com is enabled... 
[debug] [2026-08-29T01:39:25.481Z] Checked if tokens are valid: true, expires at: 1787969485471
[debug] [2026-08-29T01:39:25.481Z] Checked if tokens are valid: true, expires at: 1787969485471
[debug] [2026-08-29T01:39:25.481Z] >>> [apiv2][query] GET https://serviceusage.googleapis.com/v1/projects/atlas-players-app/services/firebaseextensions.googleapis.com [none]
[debug] [2026-08-29T01:39:25.481Z] >>> [apiv2][(partial)header] GET https://serviceusage.googleapis.com/v1/projects/atlas-players-app/services/firebaseextensions.googleapis.com  x-goog-user-project=atlas-players-app
[debug] [2026-08-29T01:39:28.916Z] <<< [apiv2][status] GET https://serviceusage.googleapis.com/v1/projects/atlas-players-app/services/firebaseextensions.googleapis.com 200
[debug] [2026-08-29T01:39:28.917Z] <<< [apiv2][body] GET https://serviceusage.googleapis.com/v1/projects/atlas-players-app/services/firebaseextensions.googleapis.com [omitted]
[warn] ⚠  extensions: missing required API firebaseextensions.googleapis.com. Enabling now... 
[debug] [2026-08-29T01:39:28.918Z] Checked if tokens are valid: true, expires at: 1787969485471
[debug] [2026-08-29T01:39:28.918Z] Checked if tokens are valid: true, expires at: 1787969485471
[debug] [2026-08-29T01:39:28.918Z] >>> [apiv2][query] POST https://serviceusage.googleapis.com/v1/projects/atlas-players-app/services/firebaseextensions.googleapis.com:enable [none]
[debug] [2026-08-29T01:39:28.918Z] >>> [apiv2][(partial)header] POST https://serviceusage.googleapis.com/v1/projects/atlas-players-app/services/firebaseextensions.googleapis.com:enable  x-goog-user-project=atlas-players-app
[debug] [2026-08-29T01:39:29.399Z] <<< [apiv2][status] POST https://serviceusage.googleapis.com/v1/projects/atlas-players-app/services/firebaseextensions.googleapis.com:enable 200
[debug] [2026-08-29T01:39:29.399Z] <<< [apiv2][body] POST https://serviceusage.googleapis.com/v1/projects/atlas-players-app/services/firebaseextensions.googleapis.com:enable [omitted]
[debug] [2026-08-29T01:39:39.412Z] > command requires scopes: ["email","openid","https://www.googleapis.com/auth/cloudplatformprojects.readonly","https://www.googleapis.com/auth/firebase","https://www.googleapis.com/auth/cloud-platform"]
[debug] [2026-08-29T01:39:39.413Z] > authorizing via signed-in user (markivee@gmail.com)
[debug] [2026-08-29T01:39:39.413Z] [iam] checking project atlas-players-app for permissions ["firebase.projects.get","firebaseextensions.instances.list"]
[debug] [2026-08-29T01:39:39.413Z] Checked if tokens are valid: true, expires at: 1787969485471
[debug] [2026-08-29T01:39:39.413Z] Checked if tokens are valid: true, expires at: 1787969485471
[debug] [2026-08-29T01:39:39.413Z] >>> [apiv2][query] POST https://cloudresourcemanager.googleapis.com/v1/projects/atlas-players-app:testIamPermissions [none]
[debug] [2026-08-29T01:39:39.413Z] >>> [apiv2][(partial)header] POST https://cloudresourcemanager.googleapis.com/v1/projects/atlas-players-app:testIamPermissions  x-goog-user-project=atlas-players-app
[debug] [2026-08-29T01:39:39.413Z] >>> [apiv2][body] POST https://cloudresourcemanager.googleapis.com/v1/projects/atlas-players-app:testIamPermissions {"permissions":["firebase.projects.get","firebaseextensions.instances.list"]}
[debug] [2026-08-29T01:39:39.577Z] <<< [apiv2][status] POST https://cloudresourcemanager.googleapis.com/v1/projects/atlas-players-app:testIamPermissions 200
[debug] [2026-08-29T01:39:39.577Z] <<< [apiv2][body] POST https://cloudresourcemanager.googleapis.com/v1/projects/atlas-players-app:testIamPermissions {"permissions":["firebase.projects.get","firebaseextensions.instances.list"]}
[debug] [2026-08-29T01:39:39.578Z] Checked if tokens are valid: true, expires at: 1787969485471
[debug] [2026-08-29T01:39:39.578Z] Checked if tokens are valid: true, expires at: 1787969485471
[debug] [2026-08-29T01:39:39.578Z] >>> [apiv2][query] GET https://firebaseextensions.googleapis.com/v1beta/projects/atlas-players-app/instances pageSize=100&pageToken=
[debug] [2026-08-29T01:39:42.247Z] <<< [apiv2][status] GET https://firebaseextensions.googleapis.com/v1beta/projects/atlas-players-app/instances 200
[debug] [2026-08-29T01:39:42.248Z] <<< [apiv2][body] GET https://firebaseextensions.googleapis.com/v1beta/projects/atlas-players-app/instances {}
[debug] [2026-08-29T01:39:42.249Z] Attempting to merge .env secret bindings {} into declared secrets...)}
[debug] [2026-08-29T01:39:42.249Z] helloWorld declared secrets: undefined
[info] i  functions: preparing functions directory for uploading... 
[info] i  functions: packaged /Users/michaelmarkivee/Desktop/Atlas/atlas-players-app/functions (30.38 KB) for uploading 
[info] i  functions: ensuring required API run.googleapis.com is enabled... 
[debug] [2026-08-29T01:39:42.282Z] Checked if tokens are valid: true, expires at: 1787969485471
[debug] [2026-08-29T01:39:42.282Z] Checked if tokens are valid: true, expires at: 1787969485471
[info] i  functions: ensuring required API eventarc.googleapis.com is enabled... 
[debug] [2026-08-29T01:39:42.282Z] Checked if tokens are valid: true, expires at: 1787969485471
[debug] [2026-08-29T01:39:42.282Z] Checked if tokens are valid: true, expires at: 1787969485471
[info] i  functions: ensuring required API pubsub.googleapis.com is enabled... 
[debug] [2026-08-29T01:39:42.283Z] Checked if tokens are valid: true, expires at: 1787969485471
[debug] [2026-08-29T01:39:42.283Z] Checked if tokens are valid: true, expires at: 1787969485471
[info] i  functions: ensuring required API storage.googleapis.com is enabled... 
[debug] [2026-08-29T01:39:42.283Z] Checked if tokens are valid: true, expires at: 1787969485471
[debug] [2026-08-29T01:39:42.283Z] Checked if tokens are valid: true, expires at: 1787969485471
[debug] [2026-08-29T01:39:42.283Z] >>> [apiv2][query] GET https://serviceusage.googleapis.com/v1/projects/211739354235/services/run.googleapis.com [none]
[debug] [2026-08-29T01:39:42.283Z] >>> [apiv2][(partial)header] GET https://serviceusage.googleapis.com/v1/projects/211739354235/services/run.googleapis.com  x-goog-user-project=211739354235
[debug] [2026-08-29T01:39:42.284Z] >>> [apiv2][query] GET https://serviceusage.googleapis.com/v1/projects/211739354235/services/eventarc.googleapis.com [none]
[debug] [2026-08-29T01:39:42.284Z] >>> [apiv2][(partial)header] GET https://serviceusage.googleapis.com/v1/projects/211739354235/services/eventarc.googleapis.com  x-goog-user-project=211739354235
[debug] [2026-08-29T01:39:42.284Z] >>> [apiv2][query] GET https://serviceusage.googleapis.com/v1/projects/211739354235/services/pubsub.googleapis.com [none]
[debug] [2026-08-29T01:39:42.284Z] >>> [apiv2][(partial)header] GET https://serviceusage.googleapis.com/v1/projects/211739354235/services/pubsub.googleapis.com  x-goog-user-project=211739354235
[debug] [2026-08-29T01:39:42.285Z] >>> [apiv2][query] GET https://serviceusage.googleapis.com/v1/projects/211739354235/services/storage.googleapis.com [none]
[debug] [2026-08-29T01:39:42.285Z] >>> [apiv2][(partial)header] GET https://serviceusage.googleapis.com/v1/projects/211739354235/services/storage.googleapis.com  x-goog-user-project=211739354235
[debug] [2026-08-29T01:39:42.562Z] <<< [apiv2][status] GET https://serviceusage.googleapis.com/v1/projects/211739354235/services/pubsub.googleapis.com 200
[debug] [2026-08-29T01:39:42.562Z] <<< [apiv2][body] GET https://serviceusage.googleapis.com/v1/projects/211739354235/services/pubsub.googleapis.com [omitted]
[info] ✔  functions: required API pubsub.googleapis.com is enabled 
[debug] [2026-08-29T01:39:42.573Z] <<< [apiv2][status] GET https://serviceusage.googleapis.com/v1/projects/211739354235/services/storage.googleapis.com 200
[debug] [2026-08-29T01:39:42.573Z] <<< [apiv2][body] GET https://serviceusage.googleapis.com/v1/projects/211739354235/services/storage.googleapis.com [omitted]
[info] ✔  functions: required API storage.googleapis.com is enabled 
[debug] [2026-08-29T01:39:42.621Z] <<< [apiv2][status] GET https://serviceusage.googleapis.com/v1/projects/211739354235/services/eventarc.googleapis.com 200
[debug] [2026-08-29T01:39:42.621Z] <<< [apiv2][body] GET https://serviceusage.googleapis.com/v1/projects/211739354235/services/eventarc.googleapis.com [omitted]
[warn] ⚠  functions: missing required API eventarc.googleapis.com. Enabling now... 
[debug] [2026-08-29T01:39:42.622Z] Checked if tokens are valid: true, expires at: 1787969485471
[debug] [2026-08-29T01:39:42.622Z] Checked if tokens are valid: true, expires at: 1787969485471
[debug] [2026-08-29T01:39:42.622Z] >>> [apiv2][query] POST https://serviceusage.googleapis.com/v1/projects/211739354235/services/eventarc.googleapis.com:enable [none]
[debug] [2026-08-29T01:39:42.622Z] >>> [apiv2][(partial)header] POST https://serviceusage.googleapis.com/v1/projects/211739354235/services/eventarc.googleapis.com:enable  x-goog-user-project=211739354235
[debug] [2026-08-29T01:39:42.623Z] <<< [apiv2][status] GET https://serviceusage.googleapis.com/v1/projects/211739354235/services/run.googleapis.com 200
[debug] [2026-08-29T01:39:42.623Z] <<< [apiv2][body] GET https://serviceusage.googleapis.com/v1/projects/211739354235/services/run.googleapis.com [omitted]
[warn] ⚠  functions: missing required API run.googleapis.com. Enabling now... 
[debug] [2026-08-29T01:39:42.624Z] Checked if tokens are valid: true, expires at: 1787969485471
[debug] [2026-08-29T01:39:42.624Z] Checked if tokens are valid: true, expires at: 1787969485471
[debug] [2026-08-29T01:39:42.624Z] >>> [apiv2][query] POST https://serviceusage.googleapis.com/v1/projects/211739354235/services/run.googleapis.com:enable [none]
[debug] [2026-08-29T01:39:42.624Z] >>> [apiv2][(partial)header] POST https://serviceusage.googleapis.com/v1/projects/211739354235/services/run.googleapis.com:enable  x-goog-user-project=211739354235
[debug] [2026-08-29T01:39:43.001Z] <<< [apiv2][status] POST https://serviceusage.googleapis.com/v1/projects/211739354235/services/eventarc.googleapis.com:enable 200
[debug] [2026-08-29T01:39:43.002Z] <<< [apiv2][body] POST https://serviceusage.googleapis.com/v1/projects/211739354235/services/eventarc.googleapis.com:enable [omitted]
[debug] [2026-08-29T01:39:43.088Z] <<< [apiv2][status] POST https://serviceusage.googleapis.com/v1/projects/211739354235/services/run.googleapis.com:enable 200
[debug] [2026-08-29T01:39:43.088Z] <<< [apiv2][body] POST https://serviceusage.googleapis.com/v1/projects/211739354235/services/run.googleapis.com:enable [omitted]
[info] i  functions: generating the service identity for pubsub.googleapis.com... 
[debug] [2026-08-29T01:39:53.097Z] Checked if tokens are valid: true, expires at: 1787969485471
[debug] [2026-08-29T01:39:53.098Z] Checked if tokens are valid: true, expires at: 1787969485471
[info] i  functions: generating the service identity for eventarc.googleapis.com... 
[debug] [2026-08-29T01:39:53.098Z] Checked if tokens are valid: true, expires at: 1787969485471
[debug] [2026-08-29T01:39:53.098Z] Checked if tokens are valid: true, expires at: 1787969485471
[debug] [2026-08-29T01:39:53.098Z] >>> [apiv2][query] POST https://serviceusage.googleapis.com/v1beta1/projects/211739354235/services/pubsub.googleapis.com:generateServiceIdentity [none]
[debug] [2026-08-29T01:39:53.098Z] >>> [apiv2][(partial)header] POST https://serviceusage.googleapis.com/v1beta1/projects/211739354235/services/pubsub.googleapis.com:generateServiceIdentity  x-goog-user-project=211739354235
[debug] [2026-08-29T01:39:53.098Z] >>> [apiv2][body] POST https://serviceusage.googleapis.com/v1beta1/projects/211739354235/services/pubsub.googleapis.com:generateServiceIdentity {}
[debug] [2026-08-29T01:39:53.098Z] >>> [apiv2][query] POST https://serviceusage.googleapis.com/v1beta1/projects/211739354235/services/eventarc.googleapis.com:generateServiceIdentity [none]
[debug] [2026-08-29T01:39:53.098Z] >>> [apiv2][(partial)header] POST https://serviceusage.googleapis.com/v1beta1/projects/211739354235/services/eventarc.googleapis.com:generateServiceIdentity  x-goog-user-project=211739354235
[debug] [2026-08-29T01:39:53.098Z] >>> [apiv2][body] POST https://serviceusage.googleapis.com/v1beta1/projects/211739354235/services/eventarc.googleapis.com:generateServiceIdentity {}
[debug] [2026-08-29T01:39:53.607Z] <<< [apiv2][status] POST https://serviceusage.googleapis.com/v1beta1/projects/211739354235/services/pubsub.googleapis.com:generateServiceIdentity 200
[debug] [2026-08-29T01:39:53.607Z] <<< [apiv2][body] POST https://serviceusage.googleapis.com/v1beta1/projects/211739354235/services/pubsub.googleapis.com:generateServiceIdentity {"name":"operations/finished.DONE_OPERATION","done":true,"response":{"@type":"type.googleapis.com/google.api.serviceusage.v1beta1.ServiceIdentity","email":"service-211739354235@gcp-sa-pubsub.iam.gserviceaccount.com","uniqueId":"113870646528246828390"}}
[debug] [2026-08-29T01:39:53.763Z] <<< [apiv2][status] POST https://serviceusage.googleapis.com/v1beta1/projects/211739354235/services/eventarc.googleapis.com:generateServiceIdentity 200
[debug] [2026-08-29T01:39:53.763Z] <<< [apiv2][body] POST https://serviceusage.googleapis.com/v1beta1/projects/211739354235/services/eventarc.googleapis.com:generateServiceIdentity {"name":"operations/finished.DONE_OPERATION","done":true,"response":{"@type":"type.googleapis.com/google.api.serviceusage.v1beta1.ServiceIdentity","email":"service-211739354235@gcp-sa-eventarc.iam.gserviceaccount.com","uniqueId":"113183660067220024627"}}
[debug] [2026-08-29T01:39:53.766Z] Checked if tokens are valid: true, expires at: 1787969485471
[debug] [2026-08-29T01:39:53.766Z] Checked if tokens are valid: true, expires at: 1787969485471
[debug] [2026-08-29T01:39:53.766Z] >>> [apiv2][query] GET https://serviceusage.googleapis.com/v1/projects/atlas-players-app/services/cloudbilling.googleapis.com [none]
[debug] [2026-08-29T01:39:53.766Z] >>> [apiv2][(partial)header] GET https://serviceusage.googleapis.com/v1/projects/atlas-players-app/services/cloudbilling.googleapis.com  x-goog-user-project=atlas-players-app
[debug] [2026-08-29T01:39:53.944Z] <<< [apiv2][status] GET https://serviceusage.googleapis.com/v1/projects/atlas-players-app/services/cloudbilling.googleapis.com 200
[debug] [2026-08-29T01:39:53.944Z] <<< [apiv2][body] GET https://serviceusage.googleapis.com/v1/projects/atlas-players-app/services/cloudbilling.googleapis.com [omitted]
[debug] [2026-08-29T01:39:53.944Z] Checked if tokens are valid: true, expires at: 1787969485471
[debug] [2026-08-29T01:39:53.944Z] Checked if tokens are valid: true, expires at: 1787969485471
[debug] [2026-08-29T01:39:53.945Z] >>> [apiv2][query] POST https://serviceusage.googleapis.com/v1/projects/atlas-players-app/services/cloudbilling.googleapis.com:enable [none]
[debug] [2026-08-29T01:39:53.945Z] >>> [apiv2][(partial)header] POST https://serviceusage.googleapis.com/v1/projects/atlas-players-app/services/cloudbilling.googleapis.com:enable  x-goog-user-project=atlas-players-app
[debug] [2026-08-29T01:39:54.283Z] <<< [apiv2][status] POST https://serviceusage.googleapis.com/v1/projects/atlas-players-app/services/cloudbilling.googleapis.com:enable 200
[debug] [2026-08-29T01:39:54.284Z] <<< [apiv2][body] POST https://serviceusage.googleapis.com/v1/projects/atlas-players-app/services/cloudbilling.googleapis.com:enable [omitted]
[debug] [2026-08-29T01:40:04.292Z] Checked if tokens are valid: true, expires at: 1787969485471
[debug] [2026-08-29T01:40:04.292Z] Checked if tokens are valid: true, expires at: 1787969485471
[debug] [2026-08-29T01:40:04.293Z] >>> [apiv2][query] GET https://cloudbilling.googleapis.com/v1/projects/atlas-players-app/billingInfo [none]
[debug] [2026-08-29T01:40:04.293Z] >>> [apiv2][(partial)header] GET https://cloudbilling.googleapis.com/v1/projects/atlas-players-app/billingInfo  x-goog-user-project=atlas-players-app
[debug] [2026-08-29T01:40:05.531Z] <<< [apiv2][status] GET https://cloudbilling.googleapis.com/v1/projects/atlas-players-app/billingInfo 200
[debug] [2026-08-29T01:40:05.532Z] <<< [apiv2][body] GET https://cloudbilling.googleapis.com/v1/projects/atlas-players-app/billingInfo {"name":"projects/atlas-players-app/billingInfo","projectId":"atlas-players-app","billingAccountName":"billingAccounts/0128C3-A940E3-3A6678","billingEnabled":true}
[debug] [2026-08-29T01:40:05.533Z] [functions] found 1 new HTTP functions, testing setIamPolicy permission...
[debug] [2026-08-29T01:40:05.533Z] Checked if tokens are valid: true, expires at: 1787969485471
[debug] [2026-08-29T01:40:05.533Z] Checked if tokens are valid: true, expires at: 1787969485471
[debug] [2026-08-29T01:40:05.533Z] >>> [apiv2][query] POST https://cloudresourcemanager.googleapis.com/v1/projects/atlas-players-app:testIamPermissions [none]
[debug] [2026-08-29T01:40:05.533Z] >>> [apiv2][(partial)header] POST https://cloudresourcemanager.googleapis.com/v1/projects/atlas-players-app:testIamPermissions  x-goog-user-project=atlas-players-app
[debug] [2026-08-29T01:40:05.534Z] >>> [apiv2][body] POST https://cloudresourcemanager.googleapis.com/v1/projects/atlas-players-app:testIamPermissions {"permissions":["cloudfunctions.functions.setIamPolicy"]}
[debug] [2026-08-29T01:40:05.686Z] <<< [apiv2][status] POST https://cloudresourcemanager.googleapis.com/v1/projects/atlas-players-app:testIamPermissions 200
[debug] [2026-08-29T01:40:05.686Z] <<< [apiv2][body] POST https://cloudresourcemanager.googleapis.com/v1/projects/atlas-players-app:testIamPermissions {"permissions":["cloudfunctions.functions.setIamPolicy"]}
[debug] [2026-08-29T01:40:05.686Z] [functions] found setIamPolicy permission, proceeding with deploy
[debug] [2026-08-29T01:40:05.688Z] Checked if tokens are valid: true, expires at: 1787969485471
[debug] [2026-08-29T01:40:05.688Z] Checked if tokens are valid: true, expires at: 1787969485471
[debug] [2026-08-29T01:40:05.688Z] >>> [apiv2][query] POST https://cloudfunctions.googleapis.com/v2/projects/atlas-players-app/locations/us-central1/functions:generateUploadUrl [none]
[debug] [2026-08-29T01:40:07.392Z] <<< [apiv2][status] POST https://cloudfunctions.googleapis.com/v2/projects/atlas-players-app/locations/us-central1/functions:generateUploadUrl 200
[debug] [2026-08-29T01:40:07.392Z] <<< [apiv2][body] POST https://cloudfunctions.googleapis.com/v2/projects/atlas-players-app/locations/us-central1/functions:generateUploadUrl {"uploadUrl":"https://storage.googleapis.com/gcf-v2-uploads-211739354235.us-central1.cloudfunctions.appspot.com/3bf0044c-6fa9-4888-9d57-3ceeafd43998.zip?GoogleAccessId=service-211739354235@gcf-admin-robot.iam.gserviceaccount.com&Expires=1787969407&Signature=GQL9xktbDkasOnbLrIGj6p6W50qXQIXo8zcmWoLt1HPi66qdws5AqzsOmtZ4vQTi%2BOJJALvAxyC%2Fd0ZgsVBmgCpBsfvxWxXDEIslfbkI5QGB5SmqTxR1IXSJVlDI%2BTU%2F0dqOEp79utmiOlyCuirxabH7zGYvM0GuhhqL2UwEyNt7MClaCqdbb2chYjFSvG4o1CuVT3Iyx7xgBt1351Ac0RZr0CExH5J59lJQ4NwwnCsJYMK8IFsFTO9lz37%2BS9Irb36if7jRJpyXJ%2FCP%2BDkNEBWjIlrv8%2FsPaFuNDL6FoAN0wkWsfBZJ1M5nfsbxN8FocD2vRIC2ZS3fPGaYfOQApA%3D%3D","storageSource":{"bucket":"gcf-v2-uploads-211739354235.us-central1.cloudfunctions.appspot.com","object":"3bf0044c-6fa9-4888-9d57-3ceeafd43998.zip"}}
[debug] [2026-08-29T01:40:07.393Z] >>> [apiv2][query] PUT https://storage.googleapis.com/gcf-v2-uploads-211739354235.us-central1.cloudfunctions.appspot.com/3bf0044c-6fa9-4888-9d57-3ceeafd43998.zip GoogleAccessId=service-211739354235%40gcf-admin-robot.iam.gserviceaccount.com&Expires=1787969407&Signature=GQL9xktbDkasOnbLrIGj6p6W50qXQIXo8zcmWoLt1HPi66qdws5AqzsOmtZ4vQTi%2BOJJALvAxyC%2Fd0ZgsVBmgCpBsfvxWxXDEIslfbkI5QGB5SmqTxR1IXSJVlDI%2BTU%2F0dqOEp79utmiOlyCuirxabH7zGYvM0GuhhqL2UwEyNt7MClaCqdbb2chYjFSvG4o1CuVT3Iyx7xgBt1351Ac0RZr0CExH5J59lJQ4NwwnCsJYMK8IFsFTO9lz37%2BS9Irb36if7jRJpyXJ%2FCP%2BDkNEBWjIlrv8%2FsPaFuNDL6FoAN0wkWsfBZJ1M5nfsbxN8FocD2vRIC2ZS3fPGaYfOQApA%3D%3D
[debug] [2026-08-29T01:40:07.393Z] >>> [apiv2][body] PUT https://storage.googleapis.com/gcf-v2-uploads-211739354235.us-central1.cloudfunctions.appspot.com/3bf0044c-6fa9-4888-9d57-3ceeafd43998.zip [stream]
[debug] [2026-08-29T01:40:08.690Z] <<< [apiv2][status] PUT https://storage.googleapis.com/gcf-v2-uploads-211739354235.us-central1.cloudfunctions.appspot.com/3bf0044c-6fa9-4888-9d57-3ceeafd43998.zip 200
[debug] [2026-08-29T01:40:08.690Z] <<< [apiv2][body] PUT https://storage.googleapis.com/gcf-v2-uploads-211739354235.us-central1.cloudfunctions.appspot.com/3bf0044c-6fa9-4888-9d57-3ceeafd43998.zip [omitted]
[info] ✔  functions: functions source uploaded successfully 
[info] i  functions: creating Node.js 22 (2nd Gen) function helloWorld(us-central1)... 
[debug] [2026-08-29T01:40:08.695Z] Checked if tokens are valid: true, expires at: 1787969485471
[debug] [2026-08-29T01:40:08.696Z] Checked if tokens are valid: true, expires at: 1787969485471
[debug] [2026-08-29T01:40:08.696Z] >>> [apiv2][query] POST https://cloudfunctions.googleapis.com/v2/projects/atlas-players-app/locations/us-central1/functions functionId=helloWorld
[debug] [2026-08-29T01:40:08.696Z] >>> [apiv2][body] POST https://cloudfunctions.googleapis.com/v2/projects/atlas-players-app/locations/us-central1/functions {"name":"projects/atlas-players-app/locations/us-central1/functions/helloWorld","buildConfig":{"runtime":"nodejs22","entryPoint":"helloWorld","source":{"storageSource":{"bucket":"gcf-v2-uploads-211739354235.us-central1.cloudfunctions.appspot.com","object":"3bf0044c-6fa9-4888-9d57-3ceeafd43998.zip"}},"environmentVariables":{"GOOGLE_NODE_RUN_SCRIPTS":""}},"serviceConfig":{"environmentVariables":{"FIREBASE_CONFIG":"{\"projectId\":\"atlas-players-app\",\"storageBucket\":\"atlas-players-app.firebasestorage.app\"}","GCLOUD_PROJECT":"atlas-players-app","EVENTARC_CLOUD_EVENT_SOURCE":"projects/atlas-players-app/locations/us-central1/services/helloWorld","FUNCTION_REGION":"us-central1","FUNCTION_TARGET":"helloWorld","LOG_EXECUTION_ID":"true"},"ingressSettings":null,"timeoutSeconds":null,"serviceAccountEmail":null,"availableMemory":"256Mi","minInstanceCount":null,"maxInstanceCount":null,"maxInstanceRequestConcurrency":80,"availableCpu":"1","vpcConnector":null,"vpcConnectorEgressSettings":null,"directVpcNetworkInterface":null,"directVpcEgress":null},"labels":{"deployment-tool":"cli-firebase","firebase-functions-hash":"2316ce54d7e36c436a93b31c14d16884034a9b7d"}}
[debug] [2026-08-29T01:40:10.273Z] <<< [apiv2][status] POST https://cloudfunctions.googleapis.com/v2/projects/atlas-players-app/locations/us-central1/functions 200
[debug] [2026-08-29T01:40:10.273Z] <<< [apiv2][body] POST https://cloudfunctions.googleapis.com/v2/projects/atlas-players-app/locations/us-central1/functions {"name":"projects/atlas-players-app/locations/us-central1/operations/operation-1787967608807-65a25a63161f4-b93c8c3c-8097ea54","metadata":{"@type":"type.googleapis.com/google.cloud.functions.v2.OperationMetadata","createTime":"2026-08-29T01:40:10.253746114Z","target":"projects/atlas-players-app/locations/us-central1/functions/helloWorld","verb":"create","cancelRequested":false,"apiVersion":"v2"},"done":false}
[debug] [2026-08-29T01:40:10.274Z] Checked if tokens are valid: true, expires at: 1787969485471
[debug] [2026-08-29T01:40:10.274Z] Checked if tokens are valid: true, expires at: 1787969485471
[debug] [2026-08-29T01:40:10.275Z] >>> [apiv2][query] GET https://cloudfunctions.googleapis.com/v2/projects/atlas-players-app/locations/us-central1/operations/operation-1787967608807-65a25a63161f4-b93c8c3c-8097ea54 [none]
[debug] [2026-08-29T01:40:10.370Z] <<< [apiv2][status] GET https://cloudfunctions.googleapis.com/v2/projects/atlas-players-app/locations/us-central1/operations/operation-1787967608807-65a25a63161f4-b93c8c3c-8097ea54 200
[debug] [2026-08-29T01:40:10.371Z] <<< [apiv2][body] GET https://cloudfunctions.googleapis.com/v2/projects/atlas-players-app/locations/us-central1/operations/operation-1787967608807-65a25a63161f4-b93c8c3c-8097ea54 {"name":"projects/atlas-players-app/locations/us-central1/operations/operation-1787967608807-65a25a63161f4-b93c8c3c-8097ea54","metadata":{"@type":"type.googleapis.com/google.cloud.functions.v2.OperationMetadata","createTime":"2026-08-29T01:40:10.253746114Z","target":"projects/atlas-players-app/locations/us-central1/functions/helloWorld","verb":"create","cancelRequested":false,"apiVersion":"v2"},"done":false}
[debug] [2026-08-29T01:40:10.873Z] [create-default-us-central1-helloWorld] Retrying task index 0
[debug] [2026-08-29T01:40:10.873Z] Checked if tokens are valid: true, expires at: 1787969485471
[debug] [2026-08-29T01:40:10.874Z] Checked if tokens are valid: true, expires at: 1787969485471
[debug] [2026-08-29T01:40:10.874Z] >>> [apiv2][query] GET https://cloudfunctions.googleapis.com/v2/projects/atlas-players-app/locations/us-central1/operations/operation-1787967608807-65a25a63161f4-b93c8c3c-8097ea54 [none]
[debug] [2026-08-29T01:40:10.973Z] <<< [apiv2][status] GET https://cloudfunctions.googleapis.com/v2/projects/atlas-players-app/locations/us-central1/operations/operation-1787967608807-65a25a63161f4-b93c8c3c-8097ea54 200
[debug] [2026-08-29T01:40:10.973Z] <<< [apiv2][body] GET https://cloudfunctions.googleapis.com/v2/projects/atlas-players-app/locations/us-central1/operations/operation-1787967608807-65a25a63161f4-b93c8c3c-8097ea54 {"name":"projects/atlas-players-app/locations/us-central1/operations/operation-1787967608807-65a25a63161f4-b93c8c3c-8097ea54","metadata":{"@type":"type.googleapis.com/google.cloud.functions.v2.OperationMetadata","createTime":"2026-08-29T01:40:10.253746114Z","target":"projects/atlas-players-app/locations/us-central1/functions/helloWorld","verb":"create","cancelRequested":false,"apiVersion":"v2","requestResource":{"@type":"type.googleapis.com/google.cloud.functions.v2.Function","name":"projects/atlas-players-app/locations/us-central1/functions/helloWorld","buildConfig":{"runtime":"nodejs22","entryPoint":"helloWorld","source":{"storageSource":{"bucket":"gcf-v2-sources-211739354235-us-central1","object":"helloWorld/function-source.zip","generation":"1787967609704070"}},"environmentVariables":{"GOOGLE_NODE_RUN_SCRIPTS":""},"serviceAccount":"projects/atlas-players-app/serviceAccounts/211739354235-compute@developer.gserviceaccount.com","automaticUpdatePolicy":{}},"serviceConfig":{"service":"projects/atlas-players-app/locations/us-central1/services/helloworld","timeoutSeconds":60,"environmentVariables":{"FIREBASE_CONFIG":"{\"projectId\":\"atlas-players-app\",\"storageBucket\":\"atlas-players-app.firebasestorage.app\"}","GCLOUD_PROJECT":"atlas-players-app","EVENTARC_CLOUD_EVENT_SOURCE":"projects/atlas-players-app/locations/us-central1/services/helloWorld","FUNCTION_REGION":"us-central1","FUNCTION_TARGET":"helloWorld","LOG_EXECUTION_ID":"true"},"ingressSettings":"ALLOW_ALL","serviceAccountEmail":"211739354235-compute@developer.gserviceaccount.com","availableMemory":"256Mi","maxInstanceRequestConcurrency":80,"availableCpu":"1"},"labels":{"deployment-tool":"cli-firebase","firebase-functions-hash":"2316ce54d7e36c436a93b31c14d16884034a9b7d"},"environment":"GEN_2"},"stages":[{"name":"BUILD","state":"NOT_STARTED"},{"name":"SERVICE","state":"NOT_STARTED"}],"operationType":"CREATE_FUNCTION"},"done":false}
[debug] [2026-08-29T01:40:11.975Z] [create-default-us-central1-helloWorld] Retrying task index 0
[debug] [2026-08-29T01:40:11.975Z] Checked if tokens are valid: true, expires at: 1787969485471
[debug] [2026-08-29T01:40:11.975Z] Checked if tokens are valid: true, expires at: 1787969485471
[debug] [2026-08-29T01:40:11.976Z] >>> [apiv2][query] GET https://cloudfunctions.googleapis.com/v2/projects/atlas-players-app/locations/us-central1/operations/operation-1787967608807-65a25a63161f4-b93c8c3c-8097ea54 [none]
[debug] [2026-08-29T01:40:12.060Z] <<< [apiv2][status] GET https://cloudfunctions.googleapis.com/v2/projects/atlas-players-app/locations/us-central1/operations/operation-1787967608807-65a25a63161f4-b93c8c3c-8097ea54 200
[debug] [2026-08-29T01:40:12.060Z] <<< [apiv2][body] GET https://cloudfunctions.googleapis.com/v2/projects/atlas-players-app/locations/us-central1/operations/operation-1787967608807-65a25a63161f4-b93c8c3c-8097ea54 {"name":"projects/atlas-players-app/locations/us-central1/operations/operation-1787967608807-65a25a63161f4-b93c8c3c-8097ea54","metadata":{"@type":"type.googleapis.com/google.cloud.functions.v2.OperationMetadata","createTime":"2026-08-29T01:40:10.253746114Z","target":"projects/atlas-players-app/locations/us-central1/functions/helloWorld","verb":"create","cancelRequested":false,"apiVersion":"v2","requestResource":{"@type":"type.googleapis.com/google.cloud.functions.v2.Function","name":"projects/atlas-players-app/locations/us-central1/functions/helloWorld","buildConfig":{"runtime":"nodejs22","entryPoint":"helloWorld","source":{"storageSource":{"bucket":"gcf-v2-sources-211739354235-us-central1","object":"helloWorld/function-source.zip","generation":"1787967609704070"}},"environmentVariables":{"GOOGLE_NODE_RUN_SCRIPTS":""},"serviceAccount":"projects/atlas-players-app/serviceAccounts/211739354235-compute@developer.gserviceaccount.com","automaticUpdatePolicy":{}},"serviceConfig":{"service":"projects/atlas-players-app/locations/us-central1/services/helloworld","timeoutSeconds":60,"environmentVariables":{"FIREBASE_CONFIG":"{\"projectId\":\"atlas-players-app\",\"storageBucket\":\"atlas-players-app.firebasestorage.app\"}","GCLOUD_PROJECT":"atlas-players-app","EVENTARC_CLOUD_EVENT_SOURCE":"projects/atlas-players-app/locations/us-central1/services/helloWorld","FUNCTION_REGION":"us-central1","FUNCTION_TARGET":"helloWorld","LOG_EXECUTION_ID":"true"},"ingressSettings":"ALLOW_ALL","serviceAccountEmail":"211739354235-compute@developer.gserviceaccount.com","availableMemory":"256Mi","maxInstanceRequestConcurrency":80,"availableCpu":"1"},"labels":{"deployment-tool":"cli-firebase","firebase-functions-hash":"2316ce54d7e36c436a93b31c14d16884034a9b7d"},"environment":"GEN_2"},"stages":[{"name":"BUILD","state":"NOT_STARTED"},{"name":"SERVICE","state":"NOT_STARTED"}],"operationType":"CREATE_FUNCTION"},"done":false}
[debug] [2026-08-29T01:40:14.062Z] [create-default-us-central1-helloWorld] Retrying task index 0
[debug] [2026-08-29T01:40:14.062Z] Checked if tokens are valid: true, expires at: 1787969485471
[debug] [2026-08-29T01:40:14.062Z] Checked if tokens are valid: true, expires at: 1787969485471
[debug] [2026-08-29T01:40:14.062Z] >>> [apiv2][query] GET https://cloudfunctions.googleapis.com/v2/projects/atlas-players-app/locations/us-central1/operations/operation-1787967608807-65a25a63161f4-b93c8c3c-8097ea54 [none]
[debug] [2026-08-29T01:40:14.159Z] <<< [apiv2][status] GET https://cloudfunctions.googleapis.com/v2/projects/atlas-players-app/locations/us-central1/operations/operation-1787967608807-65a25a63161f4-b93c8c3c-8097ea54 200
[debug] [2026-08-29T01:40:14.159Z] <<< [apiv2][body] GET https://cloudfunctions.googleapis.com/v2/projects/atlas-players-app/locations/us-central1/operations/operation-1787967608807-65a25a63161f4-b93c8c3c-8097ea54 {"name":"projects/atlas-players-app/locations/us-central1/operations/operation-1787967608807-65a25a63161f4-b93c8c3c-8097ea54","metadata":{"@type":"type.googleapis.com/google.cloud.functions.v2.OperationMetadata","createTime":"2026-08-29T01:40:10.253746114Z","target":"projects/atlas-players-app/locations/us-central1/functions/helloWorld","verb":"create","cancelRequested":false,"apiVersion":"v2","requestResource":{"@type":"type.googleapis.com/google.cloud.functions.v2.Function","name":"projects/atlas-players-app/locations/us-central1/functions/helloWorld","buildConfig":{"runtime":"nodejs22","entryPoint":"helloWorld","source":{"storageSource":{"bucket":"gcf-v2-sources-211739354235-us-central1","object":"helloWorld/function-source.zip","generation":"1787967609704070"}},"environmentVariables":{"GOOGLE_NODE_RUN_SCRIPTS":""},"serviceAccount":"projects/atlas-players-app/serviceAccounts/211739354235-compute@developer.gserviceaccount.com","automaticUpdatePolicy":{}},"serviceConfig":{"service":"projects/atlas-players-app/locations/us-central1/services/helloworld","timeoutSeconds":60,"environmentVariables":{"FIREBASE_CONFIG":"{\"projectId\":\"atlas-players-app\",\"storageBucket\":\"atlas-players-app.firebasestorage.app\"}","GCLOUD_PROJECT":"atlas-players-app","EVENTARC_CLOUD_EVENT_SOURCE":"projects/atlas-players-app/locations/us-central1/services/helloWorld","FUNCTION_REGION":"us-central1","FUNCTION_TARGET":"helloWorld","LOG_EXECUTION_ID":"true"},"ingressSettings":"ALLOW_ALL","serviceAccountEmail":"211739354235-compute@developer.gserviceaccount.com","availableMemory":"256Mi","maxInstanceRequestConcurrency":80,"availableCpu":"1"},"labels":{"deployment-tool":"cli-firebase","firebase-functions-hash":"2316ce54d7e36c436a93b31c14d16884034a9b7d"},"environment":"GEN_2"},"stages":[{"name":"BUILD","state":"NOT_STARTED"},{"name":"SERVICE","state":"NOT_STARTED"}],"operationType":"CREATE_FUNCTION"},"done":false}
[debug] [2026-08-29T01:40:18.159Z] [create-default-us-central1-helloWorld] Retrying task index 0
[debug] [2026-08-29T01:40:18.160Z] Checked if tokens are valid: true, expires at: 1787969485471
[debug] [2026-08-29T01:40:18.160Z] Checked if tokens are valid: true, expires at: 1787969485471
[debug] [2026-08-29T01:40:18.160Z] >>> [apiv2][query] GET https://cloudfunctions.googleapis.com/v2/projects/atlas-players-app/locations/us-central1/operations/operation-1787967608807-65a25a63161f4-b93c8c3c-8097ea54 [none]
[debug] [2026-08-29T01:40:18.306Z] <<< [apiv2][status] GET https://cloudfunctions.googleapis.com/v2/projects/atlas-players-app/locations/us-central1/operations/operation-1787967608807-65a25a63161f4-b93c8c3c-8097ea54 200
[debug] [2026-08-29T01:40:18.306Z] <<< [apiv2][body] GET https://cloudfunctions.googleapis.com/v2/projects/atlas-players-app/locations/us-central1/operations/operation-1787967608807-65a25a63161f4-b93c8c3c-8097ea54 {"name":"projects/atlas-players-app/locations/us-central1/operations/operation-1787967608807-65a25a63161f4-b93c8c3c-8097ea54","metadata":{"@type":"type.googleapis.com/google.cloud.functions.v2.OperationMetadata","createTime":"2026-08-29T01:40:10.253746114Z","target":"projects/atlas-players-app/locations/us-central1/functions/helloWorld","verb":"create","cancelRequested":false,"apiVersion":"v2","requestResource":{"@type":"type.googleapis.com/google.cloud.functions.v2.Function","name":"projects/atlas-players-app/locations/us-central1/functions/helloWorld","buildConfig":{"runtime":"nodejs22","entryPoint":"helloWorld","source":{"storageSource":{"bucket":"gcf-v2-sources-211739354235-us-central1","object":"helloWorld/function-source.zip","generation":"1787967609704070"}},"environmentVariables":{"GOOGLE_NODE_RUN_SCRIPTS":""},"serviceAccount":"projects/atlas-players-app/serviceAccounts/211739354235-compute@developer.gserviceaccount.com","automaticUpdatePolicy":{}},"serviceConfig":{"service":"projects/atlas-players-app/locations/us-central1/services/helloworld","timeoutSeconds":60,"environmentVariables":{"FIREBASE_CONFIG":"{\"projectId\":\"atlas-players-app\",\"storageBucket\":\"atlas-players-app.firebasestorage.app\"}","GCLOUD_PROJECT":"atlas-players-app","EVENTARC_CLOUD_EVENT_SOURCE":"projects/atlas-players-app/locations/us-central1/services/helloWorld","FUNCTION_REGION":"us-central1","FUNCTION_TARGET":"helloWorld","LOG_EXECUTION_ID":"true"},"ingressSettings":"ALLOW_ALL","serviceAccountEmail":"211739354235-compute@developer.gserviceaccount.com","availableMemory":"256Mi","maxInstanceRequestConcurrency":80,"availableCpu":"1"},"labels":{"deployment-tool":"cli-firebase","firebase-functions-hash":"2316ce54d7e36c436a93b31c14d16884034a9b7d"},"environment":"GEN_2"},"stages":[{"name":"BUILD","state":"NOT_STARTED"},{"name":"SERVICE","state":"NOT_STARTED"}],"operationType":"CREATE_FUNCTION"},"done":false}
[debug] [2026-08-29T01:40:26.308Z] [create-default-us-central1-helloWorld] Retrying task index 0
[debug] [2026-08-29T01:40:26.309Z] Checked if tokens are valid: true, expires at: 1787969485471
[debug] [2026-08-29T01:40:26.309Z] Checked if tokens are valid: true, expires at: 1787969485471
[debug] [2026-08-29T01:40:26.309Z] >>> [apiv2][query] GET https://cloudfunctions.googleapis.com/v2/projects/atlas-players-app/locations/us-central1/operations/operation-1787967608807-65a25a63161f4-b93c8c3c-8097ea54 [none]
[debug] [2026-08-29T01:40:26.448Z] <<< [apiv2][status] GET https://cloudfunctions.googleapis.com/v2/projects/atlas-players-app/locations/us-central1/operations/operation-1787967608807-65a25a63161f4-b93c8c3c-8097ea54 200
[debug] [2026-08-29T01:40:26.448Z] <<< [apiv2][body] GET https://cloudfunctions.googleapis.com/v2/projects/atlas-players-app/locations/us-central1/operations/operation-1787967608807-65a25a63161f4-b93c8c3c-8097ea54 {"name":"projects/atlas-players-app/locations/us-central1/operations/operation-1787967608807-65a25a63161f4-b93c8c3c-8097ea54","metadata":{"@type":"type.googleapis.com/google.cloud.functions.v2.OperationMetadata","createTime":"2026-08-29T01:40:10.253746114Z","target":"projects/atlas-players-app/locations/us-central1/functions/helloWorld","verb":"create","cancelRequested":false,"apiVersion":"v2","requestResource":{"@type":"type.googleapis.com/google.cloud.functions.v2.Function","name":"projects/atlas-players-app/locations/us-central1/functions/helloWorld","buildConfig":{"runtime":"nodejs22","entryPoint":"helloWorld","source":{"storageSource":{"bucket":"gcf-v2-sources-211739354235-us-central1","object":"helloWorld/function-source.zip","generation":"1787967609704070"}},"environmentVariables":{"GOOGLE_NODE_RUN_SCRIPTS":""},"serviceAccount":"projects/atlas-players-app/serviceAccounts/211739354235-compute@developer.gserviceaccount.com","automaticUpdatePolicy":{}},"serviceConfig":{"service":"projects/atlas-players-app/locations/us-central1/services/helloworld","timeoutSeconds":60,"environmentVariables":{"FIREBASE_CONFIG":"{\"projectId\":\"atlas-players-app\",\"storageBucket\":\"atlas-players-app.firebasestorage.app\"}","GCLOUD_PROJECT":"atlas-players-app","EVENTARC_CLOUD_EVENT_SOURCE":"projects/atlas-players-app/locations/us-central1/services/helloWorld","FUNCTION_REGION":"us-central1","FUNCTION_TARGET":"helloWorld","LOG_EXECUTION_ID":"true"},"ingressSettings":"ALLOW_ALL","serviceAccountEmail":"211739354235-compute@developer.gserviceaccount.com","availableMemory":"256Mi","maxInstanceRequestConcurrency":80,"availableCpu":"1"},"labels":{"deployment-tool":"cli-firebase","firebase-functions-hash":"2316ce54d7e36c436a93b31c14d16884034a9b7d"},"environment":"GEN_2"},"stages":[{"name":"BUILD","message":"Build in progress","state":"IN_PROGRESS","resource":"projects/211739354235/locations/us-central1/builds/6f7c9553-18ab-4716-9671-4f8ef46493c9","resourceUri":"https://console.cloud.google.com/cloud-build/builds;region=us-central1/6f7c9553-18ab-4716-9671-4f8ef46493c9?project=211739354235"},{"name":"SERVICE","state":"NOT_STARTED"}],"operationType":"CREATE_FUNCTION","buildName":"projects/211739354235/locations/us-central1/builds/6f7c9553-18ab-4716-9671-4f8ef46493c9"},"done":false}
[debug] [2026-08-29T01:40:36.450Z] [create-default-us-central1-helloWorld] Retrying task index 0
[debug] [2026-08-29T01:40:36.450Z] Checked if tokens are valid: true, expires at: 1787969485471
[debug] [2026-08-29T01:40:36.450Z] Checked if tokens are valid: true, expires at: 1787969485471
[debug] [2026-08-29T01:40:36.451Z] >>> [apiv2][query] GET https://cloudfunctions.googleapis.com/v2/projects/atlas-players-app/locations/us-central1/operations/operation-1787967608807-65a25a63161f4-b93c8c3c-8097ea54 [none]
[debug] [2026-08-29T01:40:36.606Z] <<< [apiv2][status] GET https://cloudfunctions.googleapis.com/v2/projects/atlas-players-app/locations/us-central1/operations/operation-1787967608807-65a25a63161f4-b93c8c3c-8097ea54 200
[debug] [2026-08-29T01:40:36.606Z] <<< [apiv2][body] GET https://cloudfunctions.googleapis.com/v2/projects/atlas-players-app/locations/us-central1/operations/operation-1787967608807-65a25a63161f4-b93c8c3c-8097ea54 {"name":"projects/atlas-players-app/locations/us-central1/operations/operation-1787967608807-65a25a63161f4-b93c8c3c-8097ea54","metadata":{"@type":"type.googleapis.com/google.cloud.functions.v2.OperationMetadata","createTime":"2026-08-29T01:40:10.253746114Z","target":"projects/atlas-players-app/locations/us-central1/functions/helloWorld","verb":"create","cancelRequested":false,"apiVersion":"v2","requestResource":{"@type":"type.googleapis.com/google.cloud.functions.v2.Function","name":"projects/atlas-players-app/locations/us-central1/functions/helloWorld","buildConfig":{"runtime":"nodejs22","entryPoint":"helloWorld","source":{"storageSource":{"bucket":"gcf-v2-sources-211739354235-us-central1","object":"helloWorld/function-source.zip","generation":"1787967609704070"}},"environmentVariables":{"GOOGLE_NODE_RUN_SCRIPTS":""},"serviceAccount":"projects/atlas-players-app/serviceAccounts/211739354235-compute@developer.gserviceaccount.com","automaticUpdatePolicy":{}},"serviceConfig":{"service":"projects/atlas-players-app/locations/us-central1/services/helloworld","timeoutSeconds":60,"environmentVariables":{"FIREBASE_CONFIG":"{\"projectId\":\"atlas-players-app\",\"storageBucket\":\"atlas-players-app.firebasestorage.app\"}","GCLOUD_PROJECT":"atlas-players-app","EVENTARC_CLOUD_EVENT_SOURCE":"projects/atlas-players-app/locations/us-central1/services/helloWorld","FUNCTION_REGION":"us-central1","FUNCTION_TARGET":"helloWorld","LOG_EXECUTION_ID":"true"},"ingressSettings":"ALLOW_ALL","serviceAccountEmail":"211739354235-compute@developer.gserviceaccount.com","availableMemory":"256Mi","maxInstanceRequestConcurrency":80,"availableCpu":"1"},"labels":{"deployment-tool":"cli-firebase","firebase-functions-hash":"2316ce54d7e36c436a93b31c14d16884034a9b7d"},"environment":"GEN_2"},"stages":[{"name":"BUILD","message":"Build in progress","state":"IN_PROGRESS","resource":"projects/211739354235/locations/us-central1/builds/6f7c9553-18ab-4716-9671-4f8ef46493c9","resourceUri":"https://console.cloud.google.com/cloud-build/builds;region=us-central1/6f7c9553-18ab-4716-9671-4f8ef46493c9?project=211739354235"},{"name":"SERVICE","state":"NOT_STARTED"}],"operationType":"CREATE_FUNCTION","buildName":"projects/211739354235/locations/us-central1/builds/6f7c9553-18ab-4716-9671-4f8ef46493c9"},"done":false}
[debug] [2026-08-29T01:40:46.608Z] [create-default-us-central1-helloWorld] Retrying task index 0
[debug] [2026-08-29T01:40:46.608Z] Checked if tokens are valid: true, expires at: 1787969485471
[debug] [2026-08-29T01:40:46.608Z] Checked if tokens are valid: true, expires at: 1787969485471
[debug] [2026-08-29T01:40:46.609Z] >>> [apiv2][query] GET https://cloudfunctions.googleapis.com/v2/projects/atlas-players-app/locations/us-central1/operations/operation-1787967608807-65a25a63161f4-b93c8c3c-8097ea54 [none]
[debug] [2026-08-29T01:40:46.746Z] <<< [apiv2][status] GET https://cloudfunctions.googleapis.com/v2/projects/atlas-players-app/locations/us-central1/operations/operation-1787967608807-65a25a63161f4-b93c8c3c-8097ea54 200
[debug] [2026-08-29T01:40:46.747Z] <<< [apiv2][body] GET https://cloudfunctions.googleapis.com/v2/projects/atlas-players-app/locations/us-central1/operations/operation-1787967608807-65a25a63161f4-b93c8c3c-8097ea54 {"name":"projects/atlas-players-app/locations/us-central1/operations/operation-1787967608807-65a25a63161f4-b93c8c3c-8097ea54","metadata":{"@type":"type.googleapis.com/google.cloud.functions.v2.OperationMetadata","createTime":"2026-08-29T01:40:10.253746114Z","target":"projects/atlas-players-app/locations/us-central1/functions/helloWorld","verb":"create","cancelRequested":false,"apiVersion":"v2","requestResource":{"@type":"type.googleapis.com/google.cloud.functions.v2.Function","name":"projects/atlas-players-app/locations/us-central1/functions/helloWorld","buildConfig":{"runtime":"nodejs22","entryPoint":"helloWorld","source":{"storageSource":{"bucket":"gcf-v2-sources-211739354235-us-central1","object":"helloWorld/function-source.zip","generation":"1787967609704070"}},"environmentVariables":{"GOOGLE_NODE_RUN_SCRIPTS":""},"serviceAccount":"projects/atlas-players-app/serviceAccounts/211739354235-compute@developer.gserviceaccount.com","automaticUpdatePolicy":{}},"serviceConfig":{"service":"projects/atlas-players-app/locations/us-central1/services/helloworld","timeoutSeconds":60,"environmentVariables":{"FIREBASE_CONFIG":"{\"projectId\":\"atlas-players-app\",\"storageBucket\":\"atlas-players-app.firebasestorage.app\"}","GCLOUD_PROJECT":"atlas-players-app","EVENTARC_CLOUD_EVENT_SOURCE":"projects/atlas-players-app/locations/us-central1/services/helloWorld","FUNCTION_REGION":"us-central1","FUNCTION_TARGET":"helloWorld","LOG_EXECUTION_ID":"true"},"ingressSettings":"ALLOW_ALL","serviceAccountEmail":"211739354235-compute@developer.gserviceaccount.com","availableMemory":"256Mi","maxInstanceRequestConcurrency":80,"availableCpu":"1"},"labels":{"deployment-tool":"cli-firebase","firebase-functions-hash":"2316ce54d7e36c436a93b31c14d16884034a9b7d"},"environment":"GEN_2"},"stages":[{"name":"BUILD","message":"Build in progress","state":"IN_PROGRESS","resource":"projects/211739354235/locations/us-central1/builds/6f7c9553-18ab-4716-9671-4f8ef46493c9","resourceUri":"https://console.cloud.google.com/cloud-build/builds;region=us-central1/6f7c9553-18ab-4716-9671-4f8ef46493c9?project=211739354235"},{"name":"SERVICE","state":"NOT_STARTED"}],"operationType":"CREATE_FUNCTION","buildName":"projects/211739354235/locations/us-central1/builds/6f7c9553-18ab-4716-9671-4f8ef46493c9"},"done":false}
[debug] [2026-08-29T01:40:56.748Z] [create-default-us-central1-helloWorld] Retrying task index 0
[debug] [2026-08-29T01:40:56.749Z] Checked if tokens are valid: true, expires at: 1787969485471
[debug] [2026-08-29T01:40:56.749Z] Checked if tokens are valid: true, expires at: 1787969485471
[debug] [2026-08-29T01:40:56.749Z] >>> [apiv2][query] GET https://cloudfunctions.googleapis.com/v2/projects/atlas-players-app/locations/us-central1/operations/operation-1787967608807-65a25a63161f4-b93c8c3c-8097ea54 [none]
[debug] [2026-08-29T01:40:56.878Z] <<< [apiv2][status] GET https://cloudfunctions.googleapis.com/v2/projects/atlas-players-app/locations/us-central1/operations/operation-1787967608807-65a25a63161f4-b93c8c3c-8097ea54 200
[debug] [2026-08-29T01:40:56.878Z] <<< [apiv2][body] GET https://cloudfunctions.googleapis.com/v2/projects/atlas-players-app/locations/us-central1/operations/operation-1787967608807-65a25a63161f4-b93c8c3c-8097ea54 {"name":"projects/atlas-players-app/locations/us-central1/operations/operation-1787967608807-65a25a63161f4-b93c8c3c-8097ea54","metadata":{"@type":"type.googleapis.com/google.cloud.functions.v2.OperationMetadata","createTime":"2026-08-29T01:40:10.253746114Z","target":"projects/atlas-players-app/locations/us-central1/functions/helloWorld","verb":"create","cancelRequested":false,"apiVersion":"v2","requestResource":{"@type":"type.googleapis.com/google.cloud.functions.v2.Function","name":"projects/atlas-players-app/locations/us-central1/functions/helloWorld","buildConfig":{"runtime":"nodejs22","entryPoint":"helloWorld","source":{"storageSource":{"bucket":"gcf-v2-sources-211739354235-us-central1","object":"helloWorld/function-source.zip","generation":"1787967609704070"}},"environmentVariables":{"GOOGLE_NODE_RUN_SCRIPTS":""},"serviceAccount":"projects/atlas-players-app/serviceAccounts/211739354235-compute@developer.gserviceaccount.com","automaticUpdatePolicy":{}},"serviceConfig":{"service":"projects/atlas-players-app/locations/us-central1/services/helloworld","timeoutSeconds":60,"environmentVariables":{"FIREBASE_CONFIG":"{\"projectId\":\"atlas-players-app\",\"storageBucket\":\"atlas-players-app.firebasestorage.app\"}","GCLOUD_PROJECT":"atlas-players-app","EVENTARC_CLOUD_EVENT_SOURCE":"projects/atlas-players-app/locations/us-central1/services/helloWorld","FUNCTION_REGION":"us-central1","FUNCTION_TARGET":"helloWorld","LOG_EXECUTION_ID":"true"},"ingressSettings":"ALLOW_ALL","serviceAccountEmail":"211739354235-compute@developer.gserviceaccount.com","availableMemory":"256Mi","maxInstanceRequestConcurrency":80,"availableCpu":"1"},"labels":{"deployment-tool":"cli-firebase","firebase-functions-hash":"2316ce54d7e36c436a93b31c14d16884034a9b7d"},"environment":"GEN_2"},"stages":[{"name":"BUILD","message":"Build in progress","state":"IN_PROGRESS","resource":"projects/211739354235/locations/us-central1/builds/6f7c9553-18ab-4716-9671-4f8ef46493c9","resourceUri":"https://console.cloud.google.com/cloud-build/builds;region=us-central1/6f7c9553-18ab-4716-9671-4f8ef46493c9?project=211739354235"},{"name":"SERVICE","state":"NOT_STARTED"}],"operationType":"CREATE_FUNCTION","buildName":"projects/211739354235/locations/us-central1/builds/6f7c9553-18ab-4716-9671-4f8ef46493c9"},"done":false}
[debug] [2026-08-29T01:41:06.880Z] [create-default-us-central1-helloWorld] Retrying task index 0
[debug] [2026-08-29T01:41:06.881Z] Checked if tokens are valid: true, expires at: 1787969485471
[debug] [2026-08-29T01:41:06.881Z] Checked if tokens are valid: true, expires at: 1787969485471
[debug] [2026-08-29T01:41:06.882Z] >>> [apiv2][query] GET https://cloudfunctions.googleapis.com/v2/projects/atlas-players-app/locations/us-central1/operations/operation-1787967608807-65a25a63161f4-b93c8c3c-8097ea54 [none]
[debug] [2026-08-29T01:41:16.960Z] *** [apiv2] error from fetch(https://cloudfunctions.googleapis.com/v2/projects/atlas-players-app/locations/us-central1/operations/operation-1787967608807-65a25a63161f4-b93c8c3c-8097ea54, {"headers":{},"method":"GET"}): Error: Client network socket disconnected before secure TLS connection was established
[debug] [2026-08-29T01:41:16.961Z] *** [apiv2] retrying https://cloudfunctions.googleapis.com/v2/projects/atlas-players-app/locations/us-central1/operations/operation-1787967608807-65a25a63161f4-b93c8c3c-8097ea54 without keep-alive after a premature close error
[debug] [2026-08-29T01:41:17.963Z] *** [apiv2] Attempting the request again. Attempt number 2
[debug] [2026-08-29T01:41:17.964Z] >>> [apiv2][query] GET https://cloudfunctions.googleapis.com/v2/projects/atlas-players-app/locations/us-central1/operations/operation-1787967608807-65a25a63161f4-b93c8c3c-8097ea54 [none]
[debug] [2026-08-29T01:41:18.126Z] <<< [apiv2][status] GET https://cloudfunctions.googleapis.com/v2/projects/atlas-players-app/locations/us-central1/operations/operation-1787967608807-65a25a63161f4-b93c8c3c-8097ea54 200
[debug] [2026-08-29T01:41:18.126Z] <<< [apiv2][body] GET https://cloudfunctions.googleapis.com/v2/projects/atlas-players-app/locations/us-central1/operations/operation-1787967608807-65a25a63161f4-b93c8c3c-8097ea54 {"name":"projects/atlas-players-app/locations/us-central1/operations/operation-1787967608807-65a25a63161f4-b93c8c3c-8097ea54","metadata":{"@type":"type.googleapis.com/google.cloud.functions.v2.OperationMetadata","createTime":"2026-08-29T01:40:10.253746114Z","target":"projects/atlas-players-app/locations/us-central1/functions/helloWorld","verb":"create","cancelRequested":false,"apiVersion":"v2","requestResource":{"@type":"type.googleapis.com/google.cloud.functions.v2.Function","name":"projects/atlas-players-app/locations/us-central1/functions/helloWorld","buildConfig":{"runtime":"nodejs22","entryPoint":"helloWorld","source":{"storageSource":{"bucket":"gcf-v2-sources-211739354235-us-central1","object":"helloWorld/function-source.zip","generation":"1787967609704070"}},"environmentVariables":{"GOOGLE_NODE_RUN_SCRIPTS":""},"serviceAccount":"projects/atlas-players-app/serviceAccounts/211739354235-compute@developer.gserviceaccount.com","automaticUpdatePolicy":{}},"serviceConfig":{"service":"projects/atlas-players-app/locations/us-central1/services/helloworld","timeoutSeconds":60,"environmentVariables":{"FIREBASE_CONFIG":"{\"projectId\":\"atlas-players-app\",\"storageBucket\":\"atlas-players-app.firebasestorage.app\"}","GCLOUD_PROJECT":"atlas-players-app","EVENTARC_CLOUD_EVENT_SOURCE":"projects/atlas-players-app/locations/us-central1/services/helloWorld","FUNCTION_REGION":"us-central1","FUNCTION_TARGET":"helloWorld","LOG_EXECUTION_ID":"true"},"ingressSettings":"ALLOW_ALL","serviceAccountEmail":"211739354235-compute@developer.gserviceaccount.com","availableMemory":"256Mi","maxInstanceRequestConcurrency":80,"availableCpu":"1"},"labels":{"deployment-tool":"cli-firebase","firebase-functions-hash":"2316ce54d7e36c436a93b31c14d16884034a9b7d"},"environment":"GEN_2"},"stages":[{"name":"BUILD","message":"Build finished","state":"COMPLETE","resource":"projects/211739354235/locations/us-central1/builds/6f7c9553-18ab-4716-9671-4f8ef46493c9","resourceUri":"https://console.cloud.google.com/cloud-build/builds;region=us-central1/6f7c9553-18ab-4716-9671-4f8ef46493c9?project=211739354235"},{"name":"SERVICE","message":"Creating Cloud Run service","state":"IN_PROGRESS","resource":"projects/atlas-players-app/locations/us-central1/services/helloworld","resourceUri":"https://console.cloud.google.com/run/detail/us-central1/helloworld?project=atlas-players-app"}],"sourceToken":"Cldwcm9qZWN0cy8yMTE3MzkzNTQyMzUvbG9jYXRpb25zL3VzLWNlbnRyYWwxL2J1aWxkcy82ZjdjOTU1My0xOGFiLTQ3MTYtOTY3MS00ZjhlZjQ2NDkzYzkSc3VzLWNlbnRyYWwxLWRvY2tlci5wa2cuZGV2L2F0bGFzLXBsYXllcnMtYXBwL2djZi1hcnRpZmFjdHMvYXRsYXMtLXBsYXllcnMtLWFwcF9fdXMtLWNlbnRyYWwxX19oZWxsb193b3JsZDp2ZXJzaW9uXzEY+8iY5ZQGIkVwcm9qZWN0cy9hdGxhcy1wbGF5ZXJzLWFwcC9sb2NhdGlvbnMvdXMtY2VudHJhbDEvZnVuY3Rpb25zL2hlbGxvV29ybGQqCwiz8cjUBhDIrOMPMghub2RlanMyMjp2CiNnY3IuaW8vZ2FlLXJ1bnRpbWVzL25vZGVqczIyOnN0YWJsZRJPdXMtY2VudHJhbDEtZG9ja2VyLnBrZy5kZXYvc2VydmVybGVzcy1ydW50aW1lcy9nb29nbGUtMjItZnVsbC9ydW50aW1lcy9ub2RlanMyMkAB","operationType":"CREATE_FUNCTION","buildName":"projects/211739354235/locations/us-central1/builds/6f7c9553-18ab-4716-9671-4f8ef46493c9"},"done":false}
[debug] [2026-08-29T01:41:18.126Z] Got source token Cldwcm9qZWN0cy8yMTE3MzkzNTQyMzUvbG9jYXRpb25zL3VzLWNlbnRyYWwxL2J1aWxkcy82ZjdjOTU1My0xOGFiLTQ3MTYtOTY3MS00ZjhlZjQ2NDkzYzkSc3VzLWNlbnRyYWwxLWRvY2tlci5wa2cuZGV2L2F0bGFzLXBsYXllcnMtYXBwL2djZi1hcnRpZmFjdHMvYXRsYXMtLXBsYXllcnMtLWFwcF9fdXMtLWNlbnRyYWwxX19oZWxsb193b3JsZDp2ZXJzaW9uXzEY+8iY5ZQGIkVwcm9qZWN0cy9hdGxhcy1wbGF5ZXJzLWFwcC9sb2NhdGlvbnMvdXMtY2VudHJhbDEvZnVuY3Rpb25zL2hlbGxvV29ybGQqCwiz8cjUBhDIrOMPMghub2RlanMyMjp2CiNnY3IuaW8vZ2FlLXJ1bnRpbWVzL25vZGVqczIyOnN0YWJsZRJPdXMtY2VudHJhbDEtZG9ja2VyLnBrZy5kZXYvc2VydmVybGVzcy1ydW50aW1lcy9nb29nbGUtMjItZnVsbC9ydW50aW1lcy9ub2RlanMyMkAB for region us-central1
[debug] [2026-08-29T01:41:28.131Z] [create-default-us-central1-helloWorld] Retrying task index 0
[debug] [2026-08-29T01:41:28.138Z] Checked if tokens are valid: true, expires at: 1787969485471
[debug] [2026-08-29T01:41:28.139Z] Checked if tokens are valid: true, expires at: 1787969485471
[debug] [2026-08-29T01:41:28.139Z] >>> [apiv2][query] GET https://cloudfunctions.googleapis.com/v2/projects/atlas-players-app/locations/us-central1/operations/operation-1787967608807-65a25a63161f4-b93c8c3c-8097ea54 [none]
[debug] [2026-08-29T01:41:38.199Z] *** [apiv2] error from fetch(https://cloudfunctions.googleapis.com/v2/projects/atlas-players-app/locations/us-central1/operations/operation-1787967608807-65a25a63161f4-b93c8c3c-8097ea54, {"headers":{},"method":"GET"}): Error: Client network socket disconnected before secure TLS connection was established
[debug] [2026-08-29T01:41:38.200Z] *** [apiv2] retrying https://cloudfunctions.googleapis.com/v2/projects/atlas-players-app/locations/us-central1/operations/operation-1787967608807-65a25a63161f4-b93c8c3c-8097ea54 without keep-alive after a premature close error
[debug] [2026-08-29T01:41:39.202Z] *** [apiv2] Attempting the request again. Attempt number 2
[debug] [2026-08-29T01:41:39.202Z] >>> [apiv2][query] GET https://cloudfunctions.googleapis.com/v2/projects/atlas-players-app/locations/us-central1/operations/operation-1787967608807-65a25a63161f4-b93c8c3c-8097ea54 [none]
[debug] [2026-08-29T01:41:39.315Z] <<< [apiv2][status] GET https://cloudfunctions.googleapis.com/v2/projects/atlas-players-app/locations/us-central1/operations/operation-1787967608807-65a25a63161f4-b93c8c3c-8097ea54 200
[debug] [2026-08-29T01:41:39.315Z] <<< [apiv2][body] GET https://cloudfunctions.googleapis.com/v2/projects/atlas-players-app/locations/us-central1/operations/operation-1787967608807-65a25a63161f4-b93c8c3c-8097ea54 {"name":"projects/atlas-players-app/locations/us-central1/operations/operation-1787967608807-65a25a63161f4-b93c8c3c-8097ea54","metadata":{"@type":"type.googleapis.com/google.cloud.functions.v2.OperationMetadata","createTime":"2026-08-29T01:40:10.253746114Z","endTime":"2026-08-29T01:41:37.107440696Z","target":"projects/atlas-players-app/locations/us-central1/functions/helloWorld","verb":"create","cancelRequested":false,"apiVersion":"v2","requestResource":{"@type":"type.googleapis.com/google.cloud.functions.v2.Function","name":"projects/atlas-players-app/locations/us-central1/functions/helloWorld","buildConfig":{"runtime":"nodejs22","entryPoint":"helloWorld","source":{"storageSource":{"bucket":"gcf-v2-sources-211739354235-us-central1","object":"helloWorld/function-source.zip","generation":"1787967609704070"}},"environmentVariables":{"GOOGLE_NODE_RUN_SCRIPTS":""},"serviceAccount":"projects/atlas-players-app/serviceAccounts/211739354235-compute@developer.gserviceaccount.com","automaticUpdatePolicy":{}},"serviceConfig":{"service":"projects/atlas-players-app/locations/us-central1/services/helloworld","timeoutSeconds":60,"environmentVariables":{"FIREBASE_CONFIG":"{\"projectId\":\"atlas-players-app\",\"storageBucket\":\"atlas-players-app.firebasestorage.app\"}","GCLOUD_PROJECT":"atlas-players-app","EVENTARC_CLOUD_EVENT_SOURCE":"projects/atlas-players-app/locations/us-central1/services/helloWorld","FUNCTION_REGION":"us-central1","FUNCTION_TARGET":"helloWorld","LOG_EXECUTION_ID":"true"},"ingressSettings":"ALLOW_ALL","serviceAccountEmail":"211739354235-compute@developer.gserviceaccount.com","availableMemory":"256Mi","maxInstanceRequestConcurrency":80,"availableCpu":"1"},"labels":{"deployment-tool":"cli-firebase","firebase-functions-hash":"2316ce54d7e36c436a93b31c14d16884034a9b7d"},"environment":"GEN_2"},"stages":[{"name":"BUILD","message":"Build finished","state":"COMPLETE","resource":"projects/211739354235/locations/us-central1/builds/6f7c9553-18ab-4716-9671-4f8ef46493c9","resourceUri":"https://console.cloud.google.com/cloud-build/builds;region=us-central1/6f7c9553-18ab-4716-9671-4f8ef46493c9?project=211739354235"},{"name":"SERVICE","message":"Creating Cloud Run service","state":"COMPLETE","resource":"projects/atlas-players-app/locations/us-central1/services/helloworld","resourceUri":"https://console.cloud.google.com/run/detail/us-central1/helloworld?project=atlas-players-app"}],"sourceToken":"Cldwcm9qZWN0cy8yMTE3MzkzNTQyMzUvbG9jYXRpb25zL3VzLWNlbnRyYWwxL2J1aWxkcy82ZjdjOTU1My0xOGFiLTQ3MTYtOTY3MS00ZjhlZjQ2NDkzYzkSc3VzLWNlbnRyYWwxLWRvY2tlci5wa2cuZGV2L2F0bGFzLXBsYXllcnMtYXBwL2djZi1hcnRpZmFjdHMvYXRsYXMtLXBsYXllcnMtLWFwcF9fdXMtLWNlbnRyYWwxX19oZWxsb193b3JsZDp2ZXJzaW9uXzEY+8iY5ZQGIkVwcm9qZWN0cy9hdGxhcy1wbGF5ZXJzLWFwcC9sb2NhdGlvbnMvdXMtY2VudHJhbDEvZnVuY3Rpb25zL2hlbGxvV29ybGQqCwiz8cjUBhDIrOMPMghub2RlanMyMjp2CiNnY3IuaW8vZ2FlLXJ1bnRpbWVzL25vZGVqczIyOnN0YWJsZRJPdXMtY2VudHJhbDEtZG9ja2VyLnBrZy5kZXYvc2VydmVybGVzcy1ydW50aW1lcy9nb29nbGUtMjItZnVsbC9ydW50aW1lcy9ub2RlanMyMkAB","operationType":"CREATE_FUNCTION","buildName":"projects/211739354235/locations/us-central1/builds/6f7c9553-18ab-4716-9671-4f8ef46493c9"},"done":true,"response":{"@type":"type.googleapis.com/google.cloud.functions.v2.Function","name":"projects/atlas-players-app/locations/us-central1/functions/helloWorld","buildConfig":{"build":"projects/211739354235/locations/us-central1/builds/6f7c9553-18ab-4716-9671-4f8ef46493c9","runtime":"nodejs22","entryPoint":"helloWorld","source":{"storageSource":{"bucket":"gcf-v2-sources-211739354235-us-central1","object":"helloWorld/function-source.zip","generation":"1787967609704070"}},"environmentVariables":{"GOOGLE_NODE_RUN_SCRIPTS":""},"dockerRepository":"projects/atlas-players-app/locations/us-central1/repositories/gcf-artifacts","sourceProvenance":{"resolvedStorageSource":{"bucket":"gcf-v2-sources-211739354235-us-central1","object":"helloWorld/function-source.zip","generation":"1787967609704070"}},"dockerRegistry":"ARTIFACT_REGISTRY","serviceAccount":"projects/atlas-players-app/serviceAccounts/211739354235-compute@developer.gserviceaccount.com","automaticUpdatePolicy":{}},"serviceConfig":{"service":"projects/atlas-players-app/locations/us-central1/services/helloworld","timeoutSeconds":60,"environmentVariables":{"FIREBASE_CONFIG":"{\"projectId\":\"atlas-players-app\",\"storageBucket\":\"atlas-players-app.firebasestorage.app\"}","GCLOUD_PROJECT":"atlas-players-app","EVENTARC_CLOUD_EVENT_SOURCE":"projects/atlas-players-app/locations/us-central1/services/helloWorld","FUNCTION_REGION":"us-central1","FUNCTION_TARGET":"helloWorld","LOG_EXECUTION_ID":"true"},"ingressSettings":"ALLOW_ALL","uri":"https://helloworld-nzjgjz2gza-uc.a.run.app","serviceAccountEmail":"211739354235-compute@developer.gserviceaccount.com","availableMemory":"256Mi","allTrafficOnLatestRevision":true,"revision":"helloworld-00001-tec","maxInstanceRequestConcurrency":80,"availableCpu":"1"},"state":"ACTIVE","updateTime":"2026-08-29T01:40:10.247103052Z","labels":{"deployment-tool":"cli-firebase","firebase-functions-hash":"2316ce54d7e36c436a93b31c14d16884034a9b7d"},"environment":"GEN_2","url":"https://us-central1-atlas-players-app.cloudfunctions.net/helloWorld","createTime":"2026-08-29T01:40:10.247103052Z","satisfiesPzi":true}}
[debug] [2026-08-29T01:41:39.315Z] Got source token Cldwcm9qZWN0cy8yMTE3MzkzNTQyMzUvbG9jYXRpb25zL3VzLWNlbnRyYWwxL2J1aWxkcy82ZjdjOTU1My0xOGFiLTQ3MTYtOTY3MS00ZjhlZjQ2NDkzYzkSc3VzLWNlbnRyYWwxLWRvY2tlci5wa2cuZGV2L2F0bGFzLXBsYXllcnMtYXBwL2djZi1hcnRpZmFjdHMvYXRsYXMtLXBsYXllcnMtLWFwcF9fdXMtLWNlbnRyYWwxX19oZWxsb193b3JsZDp2ZXJzaW9uXzEY+8iY5ZQGIkVwcm9qZWN0cy9hdGxhcy1wbGF5ZXJzLWFwcC9sb2NhdGlvbnMvdXMtY2VudHJhbDEvZnVuY3Rpb25zL2hlbGxvV29ybGQqCwiz8cjUBhDIrOMPMghub2RlanMyMjp2CiNnY3IuaW8vZ2FlLXJ1bnRpbWVzL25vZGVqczIyOnN0YWJsZRJPdXMtY2VudHJhbDEtZG9ja2VyLnBrZy5kZXYvc2VydmVybGVzcy1ydW50aW1lcy9nb29nbGUtMjItZnVsbC9ydW50aW1lcy9ub2RlanMyMkAB for region us-central1
[debug] [2026-08-29T01:41:39.317Z] Checked if tokens are valid: true, expires at: 1787969485471
[debug] [2026-08-29T01:41:39.317Z] Checked if tokens are valid: true, expires at: 1787969485471
[debug] [2026-08-29T01:41:39.317Z] >>> [apiv2][query] POST https://run.googleapis.com/v1/projects/atlas-players-app/locations/us-central1/services/helloworld:setIamPolicy [none]
[debug] [2026-08-29T01:41:39.317Z] >>> [apiv2][body] POST https://run.googleapis.com/v1/projects/atlas-players-app/locations/us-central1/services/helloworld:setIamPolicy {"policy":{"bindings":[{"role":"roles/run.invoker","members":["allUsers"]}],"etag":"","version":3},"updateMask":"bindings,etag,version"}
[debug] [2026-08-29T01:41:49.704Z] *** [apiv2] error from fetch(https://run.googleapis.com/v1/projects/atlas-players-app/locations/us-central1/services/helloworld:setIamPolicy, {"headers":{},"method":"POST","body":"{\"policy\":{\"bindings\":[{\"role\":\"roles/run.invoker\",\"members\":[\"allUsers\"]}],\"etag\":\"\",\"version\":3},\"updateMask\":\"bindings,etag,version\"}"}): ConnectTimeoutError: Connect Timeout Error (attempted addresses: 2607:f8b0:4009:80f::200a:443, timeout: 10000ms)
[error] Failed to set the IAM Policy on the Service projects/atlas-players-app/locations/us-central1/services/helloworld
[warn] ⚠  functions: Deploys failed. Skipping deletes. 
[debug] [2026-08-29T01:41:49.710Z] Total Function Deployment time: 101011
[debug] [2026-08-29T01:41:49.710Z] 1 Functions Deployed
[debug] [2026-08-29T01:41:49.710Z] 1 Functions Errored
[debug] [2026-08-29T01:41:49.710Z] 0 Function Deployments Aborted
[debug] [2026-08-29T01:41:49.710Z] Average Function Deployment time: 101010
[info] 
[info] Functions deploy had errors with the following functions:
	helloWorld(us-central1)
[info] 
[info] Unable to set the invoker for the IAM policy on the following functions:
	helloWorld(us-central1)
[info] 
[info] Some common causes of this:
[info] 
[info] - You may not have the roles/functions.admin IAM role. Note that roles/functions.developer does not allow you to change IAM policies.
[info] 
[info] - An organization policy that restricts Network Access on your project.
[info] 
[info] One or more functions were being implicitly made publicly available on function create.
[info] Functions are not implicitly made public on updates. To try to make these functions public on next deploy, configure these functions with invoker set to "public"
[info] Function URL (helloWorld(us-central1)): https://us-central1-atlas-players-app.cloudfunctions.net/helloWorld
[debug] [2026-08-29T01:41:49.838Z] Checked if tokens are valid: true, expires at: 1787969485471
[debug] [2026-08-29T01:41:49.838Z] Checked if tokens are valid: true, expires at: 1787969485471
[debug] [2026-08-29T01:41:49.838Z] >>> [apiv2][query] GET https://artifactregistry.googleapis.com/v1/projects/atlas-players-app/locations/us-central1/repositories/gcf-artifacts [none]
[debug] [2026-08-29T01:41:51.408Z] <<< [apiv2][status] GET https://artifactregistry.googleapis.com/v1/projects/atlas-players-app/locations/us-central1/repositories/gcf-artifacts 200
[debug] [2026-08-29T01:41:51.408Z] <<< [apiv2][body] GET https://artifactregistry.googleapis.com/v1/projects/atlas-players-app/locations/us-central1/repositories/gcf-artifacts {"name":"projects/atlas-players-app/locations/us-central1/repositories/gcf-artifacts","format":"DOCKER","description":"This repository is created and used by Cloud Functions for storing function docker images.","labels":{"goog-managed-by":"cloudfunctions"},"createTime":"2026-08-29T01:40:19.610604Z","updateTime":"2026-08-29T01:41:03.310516Z","mode":"STANDARD_REPOSITORY","sizeBytes":"102142948","vulnerabilityScanningConfig":{"lastEnableTime":"2026-08-29T01:40:10.494889970Z","enablementState":"SCANNING_DISABLED","enablementStateReason":"API containerscanning.googleapis.com is not enabled."},"satisfiesPzi":true,"registryUri":"us-central1-docker.pkg.dev/atlas-players-app/gcf-artifacts"}
[warn] ⚠  functions: No cleanup policy detected for repositories in us-central1. This may result in a small monthly bill as container images accumulate over time. 
[info] i  functions: Configuring cleanup policy for repository in us-central1. Images older than 7 days will be automatically deleted. 
[debug] [2026-08-29T01:42:49.727Z] Setting up artifact cleanup policy for region us-central1
[debug] [2026-08-29T01:42:49.729Z] Checked if tokens are valid: true, expires at: 1787969485471
[debug] [2026-08-29T01:42:49.729Z] Checked if tokens are valid: true, expires at: 1787969485471
[debug] [2026-08-29T01:42:49.729Z] >>> [apiv2][query] PATCH https://artifactregistry.googleapis.com/v1/projects/atlas-players-app/locations/us-central1/repositories/gcf-artifacts updateMask=name%2CcleanupPolicies%2CcleanupPolicyDryRun%2Clabels
[debug] [2026-08-29T01:42:49.729Z] >>> [apiv2][body] PATCH https://artifactregistry.googleapis.com/v1/projects/atlas-players-app/locations/us-central1/repositories/gcf-artifacts {"name":"projects/atlas-players-app/locations/us-central1/repositories/gcf-artifacts","cleanupPolicies":{"firebase-functions-cleanup":{"id":"firebase-functions-cleanup","condition":{"tagState":"ANY","olderThan":"604800s"},"action":"DELETE"}},"cleanupPolicyDryRun":false,"labels":{"goog-managed-by":"cloudfunctions"}}
[debug] [2026-08-29T01:42:50.018Z] <<< [apiv2][status] PATCH https://artifactregistry.googleapis.com/v1/projects/atlas-players-app/locations/us-central1/repositories/gcf-artifacts 200
[debug] [2026-08-29T01:42:50.018Z] <<< [apiv2][body] PATCH https://artifactregistry.googleapis.com/v1/projects/atlas-players-app/locations/us-central1/repositories/gcf-artifacts {"name":"projects/atlas-players-app/locations/us-central1/repositories/gcf-artifacts","format":"DOCKER","description":"This repository is created and used by Cloud Functions for storing function docker images.","labels":{"goog-managed-by":"cloudfunctions"},"createTime":"2026-08-29T01:40:19.610604Z","updateTime":"2026-08-29T01:42:49.906685Z","mode":"STANDARD_REPOSITORY","cleanupPolicies":{"firebase-functions-cleanup":{"id":"firebase-functions-cleanup","action":"DELETE","condition":{"tagState":"ANY","olderThan":"604800s"}}},"vulnerabilityScanningConfig":{"lastEnableTime":"2026-08-29T01:40:10.494889970Z","enablementState":"SCANNING_DISABLED","enablementStateReason":"API containerscanning.googleapis.com is not enabled."},"satisfiesPzi":true}
[info] i  functions: Configured cleanup policy for repository in us-central1. 
[debug] [2026-08-29T01:42:50.021Z] Functions deploy failed.
[debug] [2026-08-29T01:42:50.022Z] {
  "endpoint": {
    "id": "helloWorld",
    "project": "atlas-players-app",
    "region": "us-central1",
    "entryPoint": "helloWorld",
    "platform": "gcfv2",
    "runtime": "nodejs22",
    "httpsTrigger": {},
    "labels": {
      "deployment-tool": "cli-firebase"
    },
    "serviceAccount": null,
    "ingressSettings": null,
    "availableMemoryMb": null,
    "timeoutSeconds": null,
    "maxInstances": null,
    "minInstances": null,
    "concurrency": 80,
    "vpc": null,
    "environmentVariables": {
      "FIREBASE_CONFIG": "{\"projectId\":\"atlas-players-app\",\"storageBucket\":\"atlas-players-app.firebasestorage.app\"}",
      "GCLOUD_PROJECT": "atlas-players-app",
      "EVENTARC_CLOUD_EVENT_SOURCE": "projects/atlas-players-app/locations/us-central1/services/helloWorld",
      "FUNCTION_REGION": "us-central1"
    },
    "codebase": "default",
    "cpu": 1,
    "targetedByOnly": false,
    "hash": "2316ce54d7e36c436a93b31c14d16884034a9b7d",
    "uri": "https://us-central1-atlas-players-app.cloudfunctions.net/helloWorld",
    "runServiceId": "helloworld"
  },
  "op": "set invoker",
  "original": {
    "name": "FirebaseError",
    "children": [],
    "exit": 1,
    "message": "Failed to set the IAM Policy on the Service projects/atlas-players-app/locations/us-central1/services/helloworld",
    "original": {
      "name": "FirebaseError",
      "children": [],
      "exit": 1,
      "message": "Failed to make request to https://run.googleapis.com/v1/projects/atlas-players-app/locations/us-central1/services/helloworld:setIamPolicy",
      "original": {
        "name": "ConnectTimeoutError",
        "code": "UND_ERR_CONNECT_TIMEOUT"
      },
      "status": 500
    },
    "status": 500,
    "code": 500
  }
}
[debug] [2026-08-29T01:42:50.123Z] Error: Failed to set invoker function helloWorld in region us-central1
    at /Users/michaelmarkivee/.npm/_npx/7750544ccf494d8b/node_modules/firebase-tools/lib/deploy/functions/release/fabricator.js:57:11
    at process.processTicksAndRejections (node:internal/process/task_queues:104:5)
    at async Fabricator.createV2Function (/Users/michaelmarkivee/.npm/_npx/7750544ccf494d8b/node_modules/firebase-tools/lib/deploy/functions/release/fabricator.js:467:17)
    at async Fabricator.createEndpoint (/Users/michaelmarkivee/.npm/_npx/7750544ccf494d8b/node_modules/firebase-tools/lib/deploy/functions/release/fabricator.js:273:13)
    at async Fabricator.wrapOperation (/Users/michaelmarkivee/.npm/_npx/7750544ccf494d8b/node_modules/firebase-tools/lib/deploy/functions/release/fabricator.js:258:13)
    at async Promise.all (index 0)
    at async Promise.allSettled (index 0)
    at async Fabricator.applyPlan (/Users/michaelmarkivee/.npm/_npx/7750544ccf494d8b/node_modules/firebase-tools/lib/deploy/functions/release/fabricator.js:175:45)
    at async release (/Users/michaelmarkivee/.npm/_npx/7750544ccf494d8b/node_modules/firebase-tools/lib/deploy/functions/release/index.js:89:21)
    at async chain (/Users/michaelmarkivee/.npm/_npx/7750544ccf494d8b/node_modules/firebase-tools/lib/deploy/index.js:114:9)
[error] 
[error] Error: There was an error deploying functions
[debug] [2026-08-29T01:46:45.282Z] ----------------------------------------------------------------------
[debug] [2026-08-29T01:46:45.283Z] Command:       /usr/local/bin/node /Users/michaelmarkivee/.npm/_npx/7750544ccf494d8b/node_modules/.bin/firebase deploy --only functions
[debug] [2026-08-29T01:46:45.284Z] CLI Version:   15.28.2
[debug] [2026-08-29T01:46:45.284Z] Platform:      darwin
[debug] [2026-08-29T01:46:45.284Z] Node Version:  v24.19.0
[debug] [2026-08-29T01:46:45.284Z] Detected Agent: unknown
[debug] [2026-08-29T01:46:45.284Z] Time:          Fri Aug 28 2026 21:46:45 GMT-0400 (Eastern Daylight Time)
[debug] [2026-08-29T01:46:45.284Z] ----------------------------------------------------------------------
[debug] 
[debug] [2026-08-29T01:46:46.090Z] > command requires scopes: ["email","openid","https://www.googleapis.com/auth/cloudplatformprojects.readonly","https://www.googleapis.com/auth/firebase","https://www.googleapis.com/auth/cloud-platform"]
[debug] [2026-08-29T01:46:46.090Z] > authorizing via signed-in user (markivee@gmail.com)
[debug] [2026-08-29T01:46:46.090Z] [iam] checking project atlas-players-app for permissions ["cloudfunctions.functions.create","cloudfunctions.functions.delete","cloudfunctions.functions.get","cloudfunctions.functions.list","cloudfunctions.functions.update","cloudfunctions.operations.get","firebase.projects.get"]
[debug] [2026-08-29T01:46:46.105Z] Checked if tokens are valid: true, expires at: 1787969485471
[debug] [2026-08-29T01:46:46.105Z] Checked if tokens are valid: true, expires at: 1787969485471
[debug] [2026-08-29T01:46:46.105Z] >>> [apiv2][query] POST https://cloudresourcemanager.googleapis.com/v1/projects/atlas-players-app:testIamPermissions [none]
[debug] [2026-08-29T01:46:46.105Z] >>> [apiv2][(partial)header] POST https://cloudresourcemanager.googleapis.com/v1/projects/atlas-players-app:testIamPermissions  x-goog-user-project=atlas-players-app
[debug] [2026-08-29T01:46:46.105Z] >>> [apiv2][body] POST https://cloudresourcemanager.googleapis.com/v1/projects/atlas-players-app:testIamPermissions {"permissions":["cloudfunctions.functions.create","cloudfunctions.functions.delete","cloudfunctions.functions.get","cloudfunctions.functions.list","cloudfunctions.functions.update","cloudfunctions.operations.get","firebase.projects.get"]}
[debug] [2026-08-29T01:46:47.421Z] <<< [apiv2][status] POST https://cloudresourcemanager.googleapis.com/v1/projects/atlas-players-app:testIamPermissions 200
[debug] [2026-08-29T01:46:47.422Z] <<< [apiv2][body] POST https://cloudresourcemanager.googleapis.com/v1/projects/atlas-players-app:testIamPermissions {"permissions":["cloudfunctions.functions.create","cloudfunctions.functions.delete","cloudfunctions.functions.get","cloudfunctions.functions.list","cloudfunctions.functions.update","cloudfunctions.operations.get","firebase.projects.get"]}
[debug] [2026-08-29T01:46:47.422Z] Checked if tokens are valid: true, expires at: 1787969485471
[debug] [2026-08-29T01:46:47.422Z] Checked if tokens are valid: true, expires at: 1787969485471
[debug] [2026-08-29T01:46:47.422Z] >>> [apiv2][query] POST https://iam.googleapis.com/v1/projects/atlas-players-app/serviceAccounts/atlas-players-app@appspot.gserviceaccount.com:testIamPermissions [none]
[debug] [2026-08-29T01:46:47.422Z] >>> [apiv2][body] POST https://iam.googleapis.com/v1/projects/atlas-players-app/serviceAccounts/atlas-players-app@appspot.gserviceaccount.com:testIamPermissions {"permissions":["iam.serviceAccounts.actAs"]}
[debug] [2026-08-29T01:46:48.661Z] <<< [apiv2][status] POST https://iam.googleapis.com/v1/projects/atlas-players-app/serviceAccounts/atlas-players-app@appspot.gserviceaccount.com:testIamPermissions 200
[debug] [2026-08-29T01:46:48.661Z] <<< [apiv2][body] POST https://iam.googleapis.com/v1/projects/atlas-players-app/serviceAccounts/atlas-players-app@appspot.gserviceaccount.com:testIamPermissions {"permissions":["iam.serviceAccounts.actAs"]}
[info] 
[info] === Deploying to 'atlas-players-app'...
[info] 
[info] i  deploying functions 
[debug] [2026-08-29T01:46:48.666Z] Checked if tokens are valid: true, expires at: 1787969485471
[debug] [2026-08-29T01:46:48.666Z] Checked if tokens are valid: true, expires at: 1787969485471
[debug] [2026-08-29T01:46:48.666Z] >>> [apiv2][query] GET https://cloudresourcemanager.googleapis.com/v1/projects/atlas-players-app [none]
[debug] [2026-08-29T01:46:48.761Z] <<< [apiv2][status] GET https://cloudresourcemanager.googleapis.com/v1/projects/atlas-players-app 200
[debug] [2026-08-29T01:46:48.762Z] <<< [apiv2][body] GET https://cloudresourcemanager.googleapis.com/v1/projects/atlas-players-app {"projectNumber":"211739354235","projectId":"atlas-players-app","lifecycleState":"ACTIVE","name":"atlas-players-app","labels":{"firebase":"enabled","firebase-core":"disabled"},"createTime":"2026-08-23T20:07:53.539Z"}
[info] i  functions: preparing codebase default for deployment 
[info] i  functions: ensuring required API cloudfunctions.googleapis.com is enabled... 
[info] i  functions: ensuring required API cloudbuild.googleapis.com is enabled... 
[info] i  artifactregistry: ensuring required API artifactregistry.googleapis.com is enabled... 
[debug] [2026-08-29T01:46:48.765Z] Checked if tokens are valid: true, expires at: 1787969485471
[debug] [2026-08-29T01:46:48.765Z] Checked if tokens are valid: true, expires at: 1787969485471
[debug] [2026-08-29T01:46:48.765Z] >>> [apiv2][query] GET https://firebase.googleapis.com/v1beta1/projects/atlas-players-app/adminSdkConfig [none]
[debug] [2026-08-29T01:46:50.246Z] <<< [apiv2][status] GET https://firebase.googleapis.com/v1beta1/projects/atlas-players-app/adminSdkConfig 200
[debug] [2026-08-29T01:46:50.247Z] <<< [apiv2][body] GET https://firebase.googleapis.com/v1beta1/projects/atlas-players-app/adminSdkConfig {"projectId":"atlas-players-app","storageBucket":"atlas-players-app.firebasestorage.app"}
[debug] [2026-08-29T01:46:50.247Z] Checked if tokens are valid: true, expires at: 1787969485471
[debug] [2026-08-29T01:46:50.247Z] Checked if tokens are valid: true, expires at: 1787969485471
[debug] [2026-08-29T01:46:50.248Z] >>> [apiv2][query] GET https://runtimeconfig.googleapis.com/v1beta1/projects/atlas-players-app/configs [none]
[debug] [2026-08-29T01:46:51.473Z] <<< [apiv2][status] GET https://runtimeconfig.googleapis.com/v1beta1/projects/atlas-players-app/configs 200
[debug] [2026-08-29T01:46:51.473Z] <<< [apiv2][body] GET https://runtimeconfig.googleapis.com/v1beta1/projects/atlas-players-app/configs {}
[debug] [2026-08-29T01:46:51.476Z] Validating nodejs source
[debug] [2026-08-29T01:46:51.984Z] > [functions] package.json contents: {
  "name": "functions",
  "description": "Atlas Cloud Functions — Stripe subscriptions and webhooks",
  "type": "module",
  "engines": {
    "node": "22"
  },
  "main": "index.js",
  "dependencies": {
    "firebase-admin": "^12.1.0",
    "firebase-functions": "^7.3.2",
    "stripe": "^16.2.0"
  },
  "private": true
}
[debug] [2026-08-29T01:46:51.984Z] Building nodejs source
[info] i  functions: Loading and analyzing source code for codebase default to determine what to deploy 
[debug] [2026-08-29T01:46:51.985Z] Could not find functions.yaml. Must use http discovery
[debug] [2026-08-29T01:46:51.997Z] Found firebase-functions binary at '/Users/michaelmarkivee/Desktop/Atlas/atlas-players-app/functions/node_modules/.bin/firebase-functions'
[info] Serving at port 8038

[debug] [2026-08-29T01:46:52.232Z] Got response from /__/functions.yaml {"endpoints":{"helloWorld":{"availableMemoryMb":null,"timeoutSeconds":null,"minInstances":null,"maxInstances":null,"ingressSettings":null,"concurrency":null,"serviceAccountEmail":null,"vpc":null,"platform":"gcfv2","labels":{},"httpsTrigger":{"invoker":["public"]},"entryPoint":"helloWorld"}},"specVersion":"v1alpha1","requiredAPIs":[],"extensions":{}}
[debug] [2026-08-29T01:46:55.261Z] Checked if tokens are valid: true, expires at: 1787969485471
[debug] [2026-08-29T01:46:55.261Z] Checked if tokens are valid: true, expires at: 1787969485471
[debug] [2026-08-29T01:46:55.261Z] >>> [apiv2][query] GET https://cloudfunctions.googleapis.com/v1/projects/atlas-players-app/locations/-/functions [none]
[debug] [2026-08-29T01:46:56.964Z] <<< [apiv2][status] GET https://cloudfunctions.googleapis.com/v1/projects/atlas-players-app/locations/-/functions 200
[debug] [2026-08-29T01:46:56.964Z] <<< [apiv2][body] GET https://cloudfunctions.googleapis.com/v1/projects/atlas-players-app/locations/-/functions {}
[debug] [2026-08-29T01:46:56.965Z] Checked if tokens are valid: true, expires at: 1787969485471
[debug] [2026-08-29T01:46:56.965Z] Checked if tokens are valid: true, expires at: 1787969485471
[debug] [2026-08-29T01:46:56.965Z] >>> [apiv2][query] GET https://cloudfunctions.googleapis.com/v2/projects/atlas-players-app/locations/-/functions filter=environment%3D%22GEN_2%22
[debug] [2026-08-29T01:46:57.383Z] <<< [apiv2][status] GET https://cloudfunctions.googleapis.com/v2/projects/atlas-players-app/locations/-/functions 200
[debug] [2026-08-29T01:46:57.384Z] <<< [apiv2][body] GET https://cloudfunctions.googleapis.com/v2/projects/atlas-players-app/locations/-/functions {"functions":[{"name":"projects/atlas-players-app/locations/us-central1/functions/helloWorld","buildConfig":{"build":"projects/211739354235/locations/us-central1/builds/6f7c9553-18ab-4716-9671-4f8ef46493c9","runtime":"nodejs22","entryPoint":"helloWorld","source":{"storageSource":{"bucket":"gcf-v2-sources-211739354235-us-central1","object":"helloWorld/function-source.zip","generation":"1787967609704070"}},"environmentVariables":{"GOOGLE_NODE_RUN_SCRIPTS":""},"dockerRepository":"projects/atlas-players-app/locations/us-central1/repositories/gcf-artifacts","sourceProvenance":{"resolvedStorageSource":{"bucket":"gcf-v2-sources-211739354235-us-central1","object":"helloWorld/function-source.zip","generation":"1787967609704070"}},"dockerRegistry":"ARTIFACT_REGISTRY","serviceAccount":"projects/atlas-players-app/serviceAccounts/211739354235-compute@developer.gserviceaccount.com","automaticUpdatePolicy":{}},"serviceConfig":{"service":"projects/atlas-players-app/locations/us-central1/services/helloworld","timeoutSeconds":60,"environmentVariables":{"FIREBASE_CONFIG":"{\"projectId\":\"atlas-players-app\",\"storageBucket\":\"atlas-players-app.firebasestorage.app\"}","GCLOUD_PROJECT":"atlas-players-app","EVENTARC_CLOUD_EVENT_SOURCE":"projects/atlas-players-app/locations/us-central1/services/helloWorld","FUNCTION_REGION":"us-central1","FUNCTION_TARGET":"helloWorld","LOG_EXECUTION_ID":"true"},"ingressSettings":"ALLOW_ALL","uri":"https://helloworld-nzjgjz2gza-uc.a.run.app","serviceAccountEmail":"211739354235-compute@developer.gserviceaccount.com","availableMemory":"256Mi","allTrafficOnLatestRevision":true,"revision":"helloworld-00001-tec","maxInstanceRequestConcurrency":80,"availableCpu":"1"},"state":"ACTIVE","updateTime":"2026-08-29T01:41:37.262541511Z","labels":{"deployment-tool":"cli-firebase","firebase-functions-hash":"2316ce54d7e36c436a93b31c14d16884034a9b7d"},"environment":"GEN_2","url":"https://us-central1-atlas-players-app.cloudfunctions.net/helloWorld","createTime":"2026-08-29T01:40:10.247103052Z","satisfiesPzi":true}]}
[info] i  extensions: ensuring required API firebaseextensions.googleapis.com is enabled... 
[debug] [2026-08-29T01:46:57.386Z] > command requires scopes: ["email","openid","https://www.googleapis.com/auth/cloudplatformprojects.readonly","https://www.googleapis.com/auth/firebase","https://www.googleapis.com/auth/cloud-platform"]
[debug] [2026-08-29T01:46:57.386Z] > authorizing via signed-in user (markivee@gmail.com)
[debug] [2026-08-29T01:46:57.386Z] [iam] checking project atlas-players-app for permissions ["firebase.projects.get","firebaseextensions.instances.list"]
[debug] [2026-08-29T01:46:57.387Z] Checked if tokens are valid: true, expires at: 1787969485471
[debug] [2026-08-29T01:46:57.387Z] Checked if tokens are valid: true, expires at: 1787969485471
[debug] [2026-08-29T01:46:57.387Z] >>> [apiv2][query] POST https://cloudresourcemanager.googleapis.com/v1/projects/atlas-players-app:testIamPermissions [none]
[debug] [2026-08-29T01:46:57.387Z] >>> [apiv2][(partial)header] POST https://cloudresourcemanager.googleapis.com/v1/projects/atlas-players-app:testIamPermissions  x-goog-user-project=atlas-players-app
[debug] [2026-08-29T01:46:57.387Z] >>> [apiv2][body] POST https://cloudresourcemanager.googleapis.com/v1/projects/atlas-players-app:testIamPermissions {"permissions":["firebase.projects.get","firebaseextensions.instances.list"]}
[debug] [2026-08-29T01:46:57.551Z] <<< [apiv2][status] POST https://cloudresourcemanager.googleapis.com/v1/projects/atlas-players-app:testIamPermissions 200
[debug] [2026-08-29T01:46:57.551Z] <<< [apiv2][body] POST https://cloudresourcemanager.googleapis.com/v1/projects/atlas-players-app:testIamPermissions {"permissions":["firebase.projects.get","firebaseextensions.instances.list"]}
[debug] [2026-08-29T01:46:57.552Z] Checked if tokens are valid: true, expires at: 1787969485471
[debug] [2026-08-29T01:46:57.552Z] Checked if tokens are valid: true, expires at: 1787969485471
[debug] [2026-08-29T01:46:57.552Z] >>> [apiv2][query] GET https://firebaseextensions.googleapis.com/v1beta/projects/atlas-players-app/instances pageSize=100&pageToken=
[debug] [2026-08-29T01:46:58.856Z] <<< [apiv2][status] GET https://firebaseextensions.googleapis.com/v1beta/projects/atlas-players-app/instances 200
[debug] [2026-08-29T01:46:58.856Z] <<< [apiv2][body] GET https://firebaseextensions.googleapis.com/v1beta/projects/atlas-players-app/instances {}
[debug] [2026-08-29T01:46:58.857Z] Attempting to merge .env secret bindings {} into declared secrets...)}
[debug] [2026-08-29T01:46:58.857Z] helloWorld declared secrets: undefined
[info] i  functions: preparing functions directory for uploading... 
[info] i  functions: packaged /Users/michaelmarkivee/Desktop/Atlas/atlas-players-app/functions (30.4 KB) for uploading 
[info] i  functions: ensuring required API run.googleapis.com is enabled... 
[info] i  functions: ensuring required API eventarc.googleapis.com is enabled... 
[info] i  functions: ensuring required API pubsub.googleapis.com is enabled... 
[info] i  functions: ensuring required API storage.googleapis.com is enabled... 
[info] i  functions: generating the service identity for pubsub.googleapis.com... 
[debug] [2026-08-29T01:46:58.886Z] Checked if tokens are valid: true, expires at: 1787969485471
[debug] [2026-08-29T01:46:58.886Z] Checked if tokens are valid: true, expires at: 1787969485471
[info] i  functions: generating the service identity for eventarc.googleapis.com... 
[debug] [2026-08-29T01:46:58.886Z] Checked if tokens are valid: true, expires at: 1787969485471
[debug] [2026-08-29T01:46:58.886Z] Checked if tokens are valid: true, expires at: 1787969485471
[debug] [2026-08-29T01:46:58.886Z] >>> [apiv2][query] POST https://serviceusage.googleapis.com/v1beta1/projects/211739354235/services/pubsub.googleapis.com:generateServiceIdentity [none]
[debug] [2026-08-29T01:46:58.886Z] >>> [apiv2][(partial)header] POST https://serviceusage.googleapis.com/v1beta1/projects/211739354235/services/pubsub.googleapis.com:generateServiceIdentity  x-goog-user-project=211739354235
[debug] [2026-08-29T01:46:58.886Z] >>> [apiv2][body] POST https://serviceusage.googleapis.com/v1beta1/projects/211739354235/services/pubsub.googleapis.com:generateServiceIdentity {}
[debug] [2026-08-29T01:46:58.887Z] >>> [apiv2][query] POST https://serviceusage.googleapis.com/v1beta1/projects/211739354235/services/eventarc.googleapis.com:generateServiceIdentity [none]
[debug] [2026-08-29T01:46:58.887Z] >>> [apiv2][(partial)header] POST https://serviceusage.googleapis.com/v1beta1/projects/211739354235/services/eventarc.googleapis.com:generateServiceIdentity  x-goog-user-project=211739354235
[debug] [2026-08-29T01:46:58.887Z] >>> [apiv2][body] POST https://serviceusage.googleapis.com/v1beta1/projects/211739354235/services/eventarc.googleapis.com:generateServiceIdentity {}
[debug] [2026-08-29T01:47:00.404Z] <<< [apiv2][status] POST https://serviceusage.googleapis.com/v1beta1/projects/211739354235/services/pubsub.googleapis.com:generateServiceIdentity 200
[debug] [2026-08-29T01:47:00.404Z] <<< [apiv2][body] POST https://serviceusage.googleapis.com/v1beta1/projects/211739354235/services/pubsub.googleapis.com:generateServiceIdentity {"name":"operations/finished.DONE_OPERATION","done":true,"response":{"@type":"type.googleapis.com/google.api.serviceusage.v1beta1.ServiceIdentity","email":"service-211739354235@gcp-sa-pubsub.iam.gserviceaccount.com","uniqueId":"113870646528246828390"}}
[debug] [2026-08-29T01:47:00.420Z] <<< [apiv2][status] POST https://serviceusage.googleapis.com/v1beta1/projects/211739354235/services/eventarc.googleapis.com:generateServiceIdentity 200
[debug] [2026-08-29T01:47:00.420Z] <<< [apiv2][body] POST https://serviceusage.googleapis.com/v1beta1/projects/211739354235/services/eventarc.googleapis.com:generateServiceIdentity {"name":"operations/finished.DONE_OPERATION","done":true,"response":{"@type":"type.googleapis.com/google.api.serviceusage.v1beta1.ServiceIdentity","email":"service-211739354235@gcp-sa-eventarc.iam.gserviceaccount.com","uniqueId":"113183660067220024627"}}
[debug] [2026-08-29T01:47:00.424Z] Checked if tokens are valid: true, expires at: 1787969485471
[debug] [2026-08-29T01:47:00.424Z] Checked if tokens are valid: true, expires at: 1787969485471
[debug] [2026-08-29T01:47:00.424Z] >>> [apiv2][query] GET https://cloudbilling.googleapis.com/v1/projects/atlas-players-app/billingInfo [none]
[debug] [2026-08-29T01:47:00.424Z] >>> [apiv2][(partial)header] GET https://cloudbilling.googleapis.com/v1/projects/atlas-players-app/billingInfo  x-goog-user-project=atlas-players-app
[debug] [2026-08-29T01:47:03.870Z] <<< [apiv2][status] GET https://cloudbilling.googleapis.com/v1/projects/atlas-players-app/billingInfo 200
[debug] [2026-08-29T01:47:03.870Z] <<< [apiv2][body] GET https://cloudbilling.googleapis.com/v1/projects/atlas-players-app/billingInfo {"name":"projects/atlas-players-app/billingInfo","projectId":"atlas-players-app","billingAccountName":"billingAccounts/0128C3-A940E3-3A6678","billingEnabled":true}
[debug] [2026-08-29T01:47:03.873Z] Checked if tokens are valid: true, expires at: 1787969485471
[debug] [2026-08-29T01:47:03.873Z] Checked if tokens are valid: true, expires at: 1787969485471
[debug] [2026-08-29T01:47:03.873Z] >>> [apiv2][query] POST https://cloudfunctions.googleapis.com/v2/projects/atlas-players-app/locations/us-central1/functions:generateUploadUrl [none]
[debug] [2026-08-29T01:47:04.174Z] <<< [apiv2][status] POST https://cloudfunctions.googleapis.com/v2/projects/atlas-players-app/locations/us-central1/functions:generateUploadUrl 200
[debug] [2026-08-29T01:47:04.175Z] <<< [apiv2][body] POST https://cloudfunctions.googleapis.com/v2/projects/atlas-players-app/locations/us-central1/functions:generateUploadUrl {"uploadUrl":"https://storage.googleapis.com/gcf-v2-uploads-211739354235.us-central1.cloudfunctions.appspot.com/555854c8-bbd8-4519-a4cb-180008cbcb6a.zip?GoogleAccessId=service-211739354235@gcf-admin-robot.iam.gserviceaccount.com&Expires=1787969824&Signature=oV0ybTEfH1waCcQxzFmMYNs%2Bxd1Nw8woY6iuQ6TvQyP2RMmhKu7HcsoejmNs2oNQJqCYRkgmhMAN3Cr9%2BbtLDoVc2rV9rExiRdjAno0E9VXcyD7qb3urFvGcr7MHmQZksxi7gUwM49WgqRZzt4Zl4L9oXEtBfCHv0nKg1O0C7sD1v4Lv2wkdlr0jzQbqm2Gt7xDiTi3A2Hr1TsQ805eV%2Bt%2FlR0JU%2FxDbYUYFGxPy9Etwg5rMWLKVBDCXAPn3xN%2BubtVCnnNZyBGobEl6ojXRg%2FyednDskADUaed2nTGu1YM%2F0WmwsUbwrRfuaFCU6YNiTJrc3gH%2FG38%2F%2BtAFHhSCew%3D%3D","storageSource":{"bucket":"gcf-v2-uploads-211739354235.us-central1.cloudfunctions.appspot.com","object":"555854c8-bbd8-4519-a4cb-180008cbcb6a.zip"}}
[debug] [2026-08-29T01:47:04.176Z] >>> [apiv2][query] PUT https://storage.googleapis.com/gcf-v2-uploads-211739354235.us-central1.cloudfunctions.appspot.com/555854c8-bbd8-4519-a4cb-180008cbcb6a.zip GoogleAccessId=service-211739354235%40gcf-admin-robot.iam.gserviceaccount.com&Expires=1787969824&Signature=oV0ybTEfH1waCcQxzFmMYNs%2Bxd1Nw8woY6iuQ6TvQyP2RMmhKu7HcsoejmNs2oNQJqCYRkgmhMAN3Cr9%2BbtLDoVc2rV9rExiRdjAno0E9VXcyD7qb3urFvGcr7MHmQZksxi7gUwM49WgqRZzt4Zl4L9oXEtBfCHv0nKg1O0C7sD1v4Lv2wkdlr0jzQbqm2Gt7xDiTi3A2Hr1TsQ805eV%2Bt%2FlR0JU%2FxDbYUYFGxPy9Etwg5rMWLKVBDCXAPn3xN%2BubtVCnnNZyBGobEl6ojXRg%2FyednDskADUaed2nTGu1YM%2F0WmwsUbwrRfuaFCU6YNiTJrc3gH%2FG38%2F%2BtAFHhSCew%3D%3D
[debug] [2026-08-29T01:47:04.176Z] >>> [apiv2][body] PUT https://storage.googleapis.com/gcf-v2-uploads-211739354235.us-central1.cloudfunctions.appspot.com/555854c8-bbd8-4519-a4cb-180008cbcb6a.zip [stream]
[debug] [2026-08-29T01:47:05.462Z] <<< [apiv2][status] PUT https://storage.googleapis.com/gcf-v2-uploads-211739354235.us-central1.cloudfunctions.appspot.com/555854c8-bbd8-4519-a4cb-180008cbcb6a.zip 200
[debug] [2026-08-29T01:47:05.462Z] <<< [apiv2][body] PUT https://storage.googleapis.com/gcf-v2-uploads-211739354235.us-central1.cloudfunctions.appspot.com/555854c8-bbd8-4519-a4cb-180008cbcb6a.zip [omitted]
[info] ✔  functions: functions source uploaded successfully 
[info] i  functions: updating Node.js 22 (2nd Gen) function helloWorld(us-central1)... 
[debug] [2026-08-29T01:47:05.466Z] Checked if tokens are valid: true, expires at: 1787969485471
[debug] [2026-08-29T01:47:05.466Z] Checked if tokens are valid: true, expires at: 1787969485471
[debug] [2026-08-29T01:47:05.466Z] >>> [apiv2][query] PATCH https://cloudfunctions.googleapis.com/v2/projects/atlas-players-app/locations/us-central1/functions/helloWorld updateMask=name%2CbuildConfig.runtime%2CbuildConfig.entryPoint%2CbuildConfig.source.storageSource.bucket%2CbuildConfig.source.storageSource.object%2CbuildConfig.environmentVariables%2CbuildConfig.sourceToken%2CserviceConfig.environmentVariables%2CserviceConfig.ingressSettings%2CserviceConfig.timeoutSeconds%2CserviceConfig.serviceAccountEmail%2CserviceConfig.availableMemory%2CserviceConfig.minInstanceCount%2CserviceConfig.maxInstanceCount%2CserviceConfig.maxInstanceRequestConcurrency%2CserviceConfig.availableCpu%2CserviceConfig.vpcConnector%2CserviceConfig.vpcConnectorEgressSettings%2CserviceConfig.directVpcNetworkInterface%2CserviceConfig.directVpcEgress%2Clabels
[debug] [2026-08-29T01:47:05.466Z] >>> [apiv2][body] PATCH https://cloudfunctions.googleapis.com/v2/projects/atlas-players-app/locations/us-central1/functions/helloWorld {"name":"projects/atlas-players-app/locations/us-central1/functions/helloWorld","buildConfig":{"runtime":"nodejs22","entryPoint":"helloWorld","source":{"storageSource":{"bucket":"gcf-v2-uploads-211739354235.us-central1.cloudfunctions.appspot.com","object":"555854c8-bbd8-4519-a4cb-180008cbcb6a.zip"}},"environmentVariables":{"GOOGLE_NODE_RUN_SCRIPTS":""}},"serviceConfig":{"environmentVariables":{"FIREBASE_CONFIG":"{\"projectId\":\"atlas-players-app\",\"storageBucket\":\"atlas-players-app.firebasestorage.app\"}","GCLOUD_PROJECT":"atlas-players-app","EVENTARC_CLOUD_EVENT_SOURCE":"projects/atlas-players-app/locations/us-central1/services/helloWorld","FUNCTION_REGION":"us-central1","FUNCTION_TARGET":"helloWorld","LOG_EXECUTION_ID":"true"},"ingressSettings":null,"timeoutSeconds":null,"serviceAccountEmail":null,"availableMemory":"256Mi","minInstanceCount":null,"maxInstanceCount":null,"maxInstanceRequestConcurrency":80,"availableCpu":"1","vpcConnector":null,"vpcConnectorEgressSettings":null,"directVpcNetworkInterface":null,"directVpcEgress":null},"labels":{"deployment-tool":"cli-firebase","firebase-functions-hash":"5561b02cbc53c1c401e79da4a028f27f06d51bca"}}
[debug] [2026-08-29T01:47:06.408Z] <<< [apiv2][status] PATCH https://cloudfunctions.googleapis.com/v2/projects/atlas-players-app/locations/us-central1/functions/helloWorld 200
[debug] [2026-08-29T01:47:06.409Z] <<< [apiv2][body] PATCH https://cloudfunctions.googleapis.com/v2/projects/atlas-players-app/locations/us-central1/functions/helloWorld {"name":"projects/atlas-players-app/locations/us-central1/operations/operation-1787968025555-65a25bf087216-be82f234-92294956","metadata":{"@type":"type.googleapis.com/google.cloud.functions.v2.OperationMetadata","createTime":"2026-08-29T01:47:06.392238982Z","target":"projects/atlas-players-app/locations/us-central1/functions/helloWorld","verb":"update","cancelRequested":false,"apiVersion":"v2"},"done":false}
[debug] [2026-08-29T01:47:06.410Z] Checked if tokens are valid: true, expires at: 1787969485471
[debug] [2026-08-29T01:47:06.410Z] Checked if tokens are valid: true, expires at: 1787969485471
[debug] [2026-08-29T01:47:06.410Z] >>> [apiv2][query] GET https://cloudfunctions.googleapis.com/v2/projects/atlas-players-app/locations/us-central1/operations/operation-1787968025555-65a25bf087216-be82f234-92294956 [none]
[debug] [2026-08-29T01:47:06.514Z] <<< [apiv2][status] GET https://cloudfunctions.googleapis.com/v2/projects/atlas-players-app/locations/us-central1/operations/operation-1787968025555-65a25bf087216-be82f234-92294956 200
[debug] [2026-08-29T01:47:06.514Z] <<< [apiv2][body] GET https://cloudfunctions.googleapis.com/v2/projects/atlas-players-app/locations/us-central1/operations/operation-1787968025555-65a25bf087216-be82f234-92294956 {"name":"projects/atlas-players-app/locations/us-central1/operations/operation-1787968025555-65a25bf087216-be82f234-92294956","metadata":{"@type":"type.googleapis.com/google.cloud.functions.v2.OperationMetadata","createTime":"2026-08-29T01:47:06.392238982Z","target":"projects/atlas-players-app/locations/us-central1/functions/helloWorld","verb":"update","cancelRequested":false,"apiVersion":"v2"},"done":false}
[debug] [2026-08-29T01:47:07.015Z] [update-default-us-central1-helloWorld] Retrying task index 0
[debug] [2026-08-29T01:47:07.016Z] Checked if tokens are valid: true, expires at: 1787969485471
[debug] [2026-08-29T01:47:07.016Z] Checked if tokens are valid: true, expires at: 1787969485471
[debug] [2026-08-29T01:47:07.016Z] >>> [apiv2][query] GET https://cloudfunctions.googleapis.com/v2/projects/atlas-players-app/locations/us-central1/operations/operation-1787968025555-65a25bf087216-be82f234-92294956 [none]
[debug] [2026-08-29T01:47:07.098Z] <<< [apiv2][status] GET https://cloudfunctions.googleapis.com/v2/projects/atlas-players-app/locations/us-central1/operations/operation-1787968025555-65a25bf087216-be82f234-92294956 200
[debug] [2026-08-29T01:47:07.098Z] <<< [apiv2][body] GET https://cloudfunctions.googleapis.com/v2/projects/atlas-players-app/locations/us-central1/operations/operation-1787968025555-65a25bf087216-be82f234-92294956 {"name":"projects/atlas-players-app/locations/us-central1/operations/operation-1787968025555-65a25bf087216-be82f234-92294956","metadata":{"@type":"type.googleapis.com/google.cloud.functions.v2.OperationMetadata","createTime":"2026-08-29T01:47:06.392238982Z","target":"projects/atlas-players-app/locations/us-central1/functions/helloWorld","verb":"update","cancelRequested":false,"apiVersion":"v2","requestResource":{"@type":"type.googleapis.com/google.cloud.functions.v2.Function","name":"projects/atlas-players-app/locations/us-central1/functions/helloWorld","buildConfig":{"runtime":"nodejs22","entryPoint":"helloWorld","source":{"storageSource":{"bucket":"gcf-v2-sources-211739354235-us-central1","object":"helloWorld/function-source.zip","generation":"1787968026319158"}},"environmentVariables":{"GOOGLE_NODE_RUN_SCRIPTS":""},"dockerRepository":"projects/atlas-players-app/locations/us-central1/repositories/gcf-artifacts","sourceProvenance":{"resolvedStorageSource":{"bucket":"gcf-v2-sources-211739354235-us-central1","object":"helloWorld/function-source.zip","generation":"1787967609704070"}},"dockerRegistry":"ARTIFACT_REGISTRY","serviceAccount":"projects/atlas-players-app/serviceAccounts/211739354235-compute@developer.gserviceaccount.com","automaticUpdatePolicy":{}},"serviceConfig":{"service":"projects/atlas-players-app/locations/us-central1/services/helloworld","timeoutSeconds":60,"environmentVariables":{"FIREBASE_CONFIG":"{\"projectId\":\"atlas-players-app\",\"storageBucket\":\"atlas-players-app.firebasestorage.app\"}","GCLOUD_PROJECT":"atlas-players-app","EVENTARC_CLOUD_EVENT_SOURCE":"projects/atlas-players-app/locations/us-central1/services/helloWorld","FUNCTION_REGION":"us-central1","FUNCTION_TARGET":"helloWorld","LOG_EXECUTION_ID":"true"},"ingressSettings":"ALLOW_ALL","uri":"https://helloworld-nzjgjz2gza-uc.a.run.app","serviceAccountEmail":"211739354235-compute@developer.gserviceaccount.com","availableMemory":"256Mi","allTrafficOnLatestRevision":true,"revision":"helloworld-00001-tec","maxInstanceRequestConcurrency":80,"availableCpu":"1"},"state":"ACTIVE","labels":{"deployment-tool":"cli-firebase","firebase-functions-hash":"5561b02cbc53c1c401e79da4a028f27f06d51bca"},"environment":"GEN_2","url":"https://us-central1-atlas-players-app.cloudfunctions.net/helloWorld","satisfiesPzi":true},"stages":[{"name":"BUILD","state":"NOT_STARTED"},{"name":"SERVICE","state":"NOT_STARTED"}],"operationType":"UPDATE_FUNCTION"},"done":false}
[debug] [2026-08-29T01:47:08.099Z] [update-default-us-central1-helloWorld] Retrying task index 0
[debug] [2026-08-29T01:47:08.100Z] Checked if tokens are valid: true, expires at: 1787969485471
[debug] [2026-08-29T01:47:08.100Z] Checked if tokens are valid: true, expires at: 1787969485471
[debug] [2026-08-29T01:47:08.100Z] >>> [apiv2][query] GET https://cloudfunctions.googleapis.com/v2/projects/atlas-players-app/locations/us-central1/operations/operation-1787968025555-65a25bf087216-be82f234-92294956 [none]
[debug] [2026-08-29T01:47:08.218Z] <<< [apiv2][status] GET https://cloudfunctions.googleapis.com/v2/projects/atlas-players-app/locations/us-central1/operations/operation-1787968025555-65a25bf087216-be82f234-92294956 200
[debug] [2026-08-29T01:47:08.219Z] <<< [apiv2][body] GET https://cloudfunctions.googleapis.com/v2/projects/atlas-players-app/locations/us-central1/operations/operation-1787968025555-65a25bf087216-be82f234-92294956 {"name":"projects/atlas-players-app/locations/us-central1/operations/operation-1787968025555-65a25bf087216-be82f234-92294956","metadata":{"@type":"type.googleapis.com/google.cloud.functions.v2.OperationMetadata","createTime":"2026-08-29T01:47:06.392238982Z","target":"projects/atlas-players-app/locations/us-central1/functions/helloWorld","verb":"update","cancelRequested":false,"apiVersion":"v2","requestResource":{"@type":"type.googleapis.com/google.cloud.functions.v2.Function","name":"projects/atlas-players-app/locations/us-central1/functions/helloWorld","buildConfig":{"runtime":"nodejs22","entryPoint":"helloWorld","source":{"storageSource":{"bucket":"gcf-v2-sources-211739354235-us-central1","object":"helloWorld/function-source.zip","generation":"1787968026319158"}},"environmentVariables":{"GOOGLE_NODE_RUN_SCRIPTS":""},"dockerRepository":"projects/atlas-players-app/locations/us-central1/repositories/gcf-artifacts","sourceProvenance":{"resolvedStorageSource":{"bucket":"gcf-v2-sources-211739354235-us-central1","object":"helloWorld/function-source.zip","generation":"1787967609704070"}},"dockerRegistry":"ARTIFACT_REGISTRY","serviceAccount":"projects/atlas-players-app/serviceAccounts/211739354235-compute@developer.gserviceaccount.com","automaticUpdatePolicy":{}},"serviceConfig":{"service":"projects/atlas-players-app/locations/us-central1/services/helloworld","timeoutSeconds":60,"environmentVariables":{"FIREBASE_CONFIG":"{\"projectId\":\"atlas-players-app\",\"storageBucket\":\"atlas-players-app.firebasestorage.app\"}","GCLOUD_PROJECT":"atlas-players-app","EVENTARC_CLOUD_EVENT_SOURCE":"projects/atlas-players-app/locations/us-central1/services/helloWorld","FUNCTION_REGION":"us-central1","FUNCTION_TARGET":"helloWorld","LOG_EXECUTION_ID":"true"},"ingressSettings":"ALLOW_ALL","uri":"https://helloworld-nzjgjz2gza-uc.a.run.app","serviceAccountEmail":"211739354235-compute@developer.gserviceaccount.com","availableMemory":"256Mi","allTrafficOnLatestRevision":true,"revision":"helloworld-00001-tec","maxInstanceRequestConcurrency":80,"availableCpu":"1"},"state":"ACTIVE","labels":{"deployment-tool":"cli-firebase","firebase-functions-hash":"5561b02cbc53c1c401e79da4a028f27f06d51bca"},"environment":"GEN_2","url":"https://us-central1-atlas-players-app.cloudfunctions.net/helloWorld","satisfiesPzi":true},"stages":[{"name":"BUILD","message":"Build in progress","state":"IN_PROGRESS","resource":"projects/211739354235/locations/us-central1/builds/6b42ec77-6184-4a68-8d3a-1b96753a4f83","resourceUri":"https://console.cloud.google.com/cloud-build/builds;region=us-central1/6b42ec77-6184-4a68-8d3a-1b96753a4f83?project=211739354235"},{"name":"SERVICE","state":"NOT_STARTED"}],"operationType":"UPDATE_FUNCTION","buildName":"projects/211739354235/locations/us-central1/builds/6b42ec77-6184-4a68-8d3a-1b96753a4f83"},"done":false}
[debug] [2026-08-29T01:47:10.219Z] [update-default-us-central1-helloWorld] Retrying task index 0
[debug] [2026-08-29T01:47:10.220Z] Checked if tokens are valid: true, expires at: 1787969485471
[debug] [2026-08-29T01:47:10.220Z] Checked if tokens are valid: true, expires at: 1787969485471
[debug] [2026-08-29T01:47:10.221Z] >>> [apiv2][query] GET https://cloudfunctions.googleapis.com/v2/projects/atlas-players-app/locations/us-central1/operations/operation-1787968025555-65a25bf087216-be82f234-92294956 [none]
[debug] [2026-08-29T01:47:10.369Z] <<< [apiv2][status] GET https://cloudfunctions.googleapis.com/v2/projects/atlas-players-app/locations/us-central1/operations/operation-1787968025555-65a25bf087216-be82f234-92294956 200
[debug] [2026-08-29T01:47:10.369Z] <<< [apiv2][body] GET https://cloudfunctions.googleapis.com/v2/projects/atlas-players-app/locations/us-central1/operations/operation-1787968025555-65a25bf087216-be82f234-92294956 {"name":"projects/atlas-players-app/locations/us-central1/operations/operation-1787968025555-65a25bf087216-be82f234-92294956","metadata":{"@type":"type.googleapis.com/google.cloud.functions.v2.OperationMetadata","createTime":"2026-08-29T01:47:06.392238982Z","target":"projects/atlas-players-app/locations/us-central1/functions/helloWorld","verb":"update","cancelRequested":false,"apiVersion":"v2","requestResource":{"@type":"type.googleapis.com/google.cloud.functions.v2.Function","name":"projects/atlas-players-app/locations/us-central1/functions/helloWorld","buildConfig":{"runtime":"nodejs22","entryPoint":"helloWorld","source":{"storageSource":{"bucket":"gcf-v2-sources-211739354235-us-central1","object":"helloWorld/function-source.zip","generation":"1787968026319158"}},"environmentVariables":{"GOOGLE_NODE_RUN_SCRIPTS":""},"dockerRepository":"projects/atlas-players-app/locations/us-central1/repositories/gcf-artifacts","sourceProvenance":{"resolvedStorageSource":{"bucket":"gcf-v2-sources-211739354235-us-central1","object":"helloWorld/function-source.zip","generation":"1787967609704070"}},"dockerRegistry":"ARTIFACT_REGISTRY","serviceAccount":"projects/atlas-players-app/serviceAccounts/211739354235-compute@developer.gserviceaccount.com","automaticUpdatePolicy":{}},"serviceConfig":{"service":"projects/atlas-players-app/locations/us-central1/services/helloworld","timeoutSeconds":60,"environmentVariables":{"FIREBASE_CONFIG":"{\"projectId\":\"atlas-players-app\",\"storageBucket\":\"atlas-players-app.firebasestorage.app\"}","GCLOUD_PROJECT":"atlas-players-app","EVENTARC_CLOUD_EVENT_SOURCE":"projects/atlas-players-app/locations/us-central1/services/helloWorld","FUNCTION_REGION":"us-central1","FUNCTION_TARGET":"helloWorld","LOG_EXECUTION_ID":"true"},"ingressSettings":"ALLOW_ALL","uri":"https://helloworld-nzjgjz2gza-uc.a.run.app","serviceAccountEmail":"211739354235-compute@developer.gserviceaccount.com","availableMemory":"256Mi","allTrafficOnLatestRevision":true,"revision":"helloworld-00001-tec","maxInstanceRequestConcurrency":80,"availableCpu":"1"},"state":"ACTIVE","labels":{"deployment-tool":"cli-firebase","firebase-functions-hash":"5561b02cbc53c1c401e79da4a028f27f06d51bca"},"environment":"GEN_2","url":"https://us-central1-atlas-players-app.cloudfunctions.net/helloWorld","satisfiesPzi":true},"stages":[{"name":"BUILD","message":"Build in progress","state":"IN_PROGRESS","resource":"projects/211739354235/locations/us-central1/builds/6b42ec77-6184-4a68-8d3a-1b96753a4f83","resourceUri":"https://console.cloud.google.com/cloud-build/builds;region=us-central1/6b42ec77-6184-4a68-8d3a-1b96753a4f83?project=211739354235"},{"name":"SERVICE","state":"NOT_STARTED"}],"operationType":"UPDATE_FUNCTION","buildName":"projects/211739354235/locations/us-central1/builds/6b42ec77-6184-4a68-8d3a-1b96753a4f83"},"done":false}
[debug] [2026-08-29T01:47:14.371Z] [update-default-us-central1-helloWorld] Retrying task index 0
[debug] [2026-08-29T01:47:14.371Z] Checked if tokens are valid: true, expires at: 1787969485471
[debug] [2026-08-29T01:47:14.372Z] Checked if tokens are valid: true, expires at: 1787969485471
[debug] [2026-08-29T01:47:14.372Z] >>> [apiv2][query] GET https://cloudfunctions.googleapis.com/v2/projects/atlas-players-app/locations/us-central1/operations/operation-1787968025555-65a25bf087216-be82f234-92294956 [none]
[debug] [2026-08-29T01:47:14.499Z] <<< [apiv2][status] GET https://cloudfunctions.googleapis.com/v2/projects/atlas-players-app/locations/us-central1/operations/operation-1787968025555-65a25bf087216-be82f234-92294956 200
[debug] [2026-08-29T01:47:14.499Z] <<< [apiv2][body] GET https://cloudfunctions.googleapis.com/v2/projects/atlas-players-app/locations/us-central1/operations/operation-1787968025555-65a25bf087216-be82f234-92294956 {"name":"projects/atlas-players-app/locations/us-central1/operations/operation-1787968025555-65a25bf087216-be82f234-92294956","metadata":{"@type":"type.googleapis.com/google.cloud.functions.v2.OperationMetadata","createTime":"2026-08-29T01:47:06.392238982Z","target":"projects/atlas-players-app/locations/us-central1/functions/helloWorld","verb":"update","cancelRequested":false,"apiVersion":"v2","requestResource":{"@type":"type.googleapis.com/google.cloud.functions.v2.Function","name":"projects/atlas-players-app/locations/us-central1/functions/helloWorld","buildConfig":{"runtime":"nodejs22","entryPoint":"helloWorld","source":{"storageSource":{"bucket":"gcf-v2-sources-211739354235-us-central1","object":"helloWorld/function-source.zip","generation":"1787968026319158"}},"environmentVariables":{"GOOGLE_NODE_RUN_SCRIPTS":""},"dockerRepository":"projects/atlas-players-app/locations/us-central1/repositories/gcf-artifacts","sourceProvenance":{"resolvedStorageSource":{"bucket":"gcf-v2-sources-211739354235-us-central1","object":"helloWorld/function-source.zip","generation":"1787967609704070"}},"dockerRegistry":"ARTIFACT_REGISTRY","serviceAccount":"projects/atlas-players-app/serviceAccounts/211739354235-compute@developer.gserviceaccount.com","automaticUpdatePolicy":{}},"serviceConfig":{"service":"projects/atlas-players-app/locations/us-central1/services/helloworld","timeoutSeconds":60,"environmentVariables":{"FIREBASE_CONFIG":"{\"projectId\":\"atlas-players-app\",\"storageBucket\":\"atlas-players-app.firebasestorage.app\"}","GCLOUD_PROJECT":"atlas-players-app","EVENTARC_CLOUD_EVENT_SOURCE":"projects/atlas-players-app/locations/us-central1/services/helloWorld","FUNCTION_REGION":"us-central1","FUNCTION_TARGET":"helloWorld","LOG_EXECUTION_ID":"true"},"ingressSettings":"ALLOW_ALL","uri":"https://helloworld-nzjgjz2gza-uc.a.run.app","serviceAccountEmail":"211739354235-compute@developer.gserviceaccount.com","availableMemory":"256Mi","allTrafficOnLatestRevision":true,"revision":"helloworld-00001-tec","maxInstanceRequestConcurrency":80,"availableCpu":"1"},"state":"ACTIVE","labels":{"deployment-tool":"cli-firebase","firebase-functions-hash":"5561b02cbc53c1c401e79da4a028f27f06d51bca"},"environment":"GEN_2","url":"https://us-central1-atlas-players-app.cloudfunctions.net/helloWorld","satisfiesPzi":true},"stages":[{"name":"BUILD","message":"Build in progress","state":"IN_PROGRESS","resource":"projects/211739354235/locations/us-central1/builds/6b42ec77-6184-4a68-8d3a-1b96753a4f83","resourceUri":"https://console.cloud.google.com/cloud-build/builds;region=us-central1/6b42ec77-6184-4a68-8d3a-1b96753a4f83?project=211739354235"},{"name":"SERVICE","state":"NOT_STARTED"}],"operationType":"UPDATE_FUNCTION","buildName":"projects/211739354235/locations/us-central1/builds/6b42ec77-6184-4a68-8d3a-1b96753a4f83"},"done":false}
[debug] [2026-08-29T01:47:22.501Z] [update-default-us-central1-helloWorld] Retrying task index 0
[debug] [2026-08-29T01:47:22.502Z] Checked if tokens are valid: true, expires at: 1787969485471
[debug] [2026-08-29T01:47:22.502Z] Checked if tokens are valid: true, expires at: 1787969485471
[debug] [2026-08-29T01:47:22.502Z] >>> [apiv2][query] GET https://cloudfunctions.googleapis.com/v2/projects/atlas-players-app/locations/us-central1/operations/operation-1787968025555-65a25bf087216-be82f234-92294956 [none]
[debug] [2026-08-29T01:47:23.223Z] <<< [apiv2][status] GET https://cloudfunctions.googleapis.com/v2/projects/atlas-players-app/locations/us-central1/operations/operation-1787968025555-65a25bf087216-be82f234-92294956 200
[debug] [2026-08-29T01:47:23.223Z] <<< [apiv2][body] GET https://cloudfunctions.googleapis.com/v2/projects/atlas-players-app/locations/us-central1/operations/operation-1787968025555-65a25bf087216-be82f234-92294956 {"name":"projects/atlas-players-app/locations/us-central1/operations/operation-1787968025555-65a25bf087216-be82f234-92294956","metadata":{"@type":"type.googleapis.com/google.cloud.functions.v2.OperationMetadata","createTime":"2026-08-29T01:47:06.392238982Z","target":"projects/atlas-players-app/locations/us-central1/functions/helloWorld","verb":"update","cancelRequested":false,"apiVersion":"v2","requestResource":{"@type":"type.googleapis.com/google.cloud.functions.v2.Function","name":"projects/atlas-players-app/locations/us-central1/functions/helloWorld","buildConfig":{"runtime":"nodejs22","entryPoint":"helloWorld","source":{"storageSource":{"bucket":"gcf-v2-sources-211739354235-us-central1","object":"helloWorld/function-source.zip","generation":"1787968026319158"}},"environmentVariables":{"GOOGLE_NODE_RUN_SCRIPTS":""},"dockerRepository":"projects/atlas-players-app/locations/us-central1/repositories/gcf-artifacts","sourceProvenance":{"resolvedStorageSource":{"bucket":"gcf-v2-sources-211739354235-us-central1","object":"helloWorld/function-source.zip","generation":"1787967609704070"}},"dockerRegistry":"ARTIFACT_REGISTRY","serviceAccount":"projects/atlas-players-app/serviceAccounts/211739354235-compute@developer.gserviceaccount.com","automaticUpdatePolicy":{}},"serviceConfig":{"service":"projects/atlas-players-app/locations/us-central1/services/helloworld","timeoutSeconds":60,"environmentVariables":{"FIREBASE_CONFIG":"{\"projectId\":\"atlas-players-app\",\"storageBucket\":\"atlas-players-app.firebasestorage.app\"}","GCLOUD_PROJECT":"atlas-players-app","EVENTARC_CLOUD_EVENT_SOURCE":"projects/atlas-players-app/locations/us-central1/services/helloWorld","FUNCTION_REGION":"us-central1","FUNCTION_TARGET":"helloWorld","LOG_EXECUTION_ID":"true"},"ingressSettings":"ALLOW_ALL","uri":"https://helloworld-nzjgjz2gza-uc.a.run.app","serviceAccountEmail":"211739354235-compute@developer.gserviceaccount.com","availableMemory":"256Mi","allTrafficOnLatestRevision":true,"revision":"helloworld-00001-tec","maxInstanceRequestConcurrency":80,"availableCpu":"1"},"state":"ACTIVE","labels":{"deployment-tool":"cli-firebase","firebase-functions-hash":"5561b02cbc53c1c401e79da4a028f27f06d51bca"},"environment":"GEN_2","url":"https://us-central1-atlas-players-app.cloudfunctions.net/helloWorld","satisfiesPzi":true},"stages":[{"name":"BUILD","message":"Build in progress","state":"IN_PROGRESS","resource":"projects/211739354235/locations/us-central1/builds/6b42ec77-6184-4a68-8d3a-1b96753a4f83","resourceUri":"https://console.cloud.google.com/cloud-build/builds;region=us-central1/6b42ec77-6184-4a68-8d3a-1b96753a4f83?project=211739354235"},{"name":"SERVICE","state":"NOT_STARTED"}],"operationType":"UPDATE_FUNCTION","buildName":"projects/211739354235/locations/us-central1/builds/6b42ec77-6184-4a68-8d3a-1b96753a4f83"},"done":false}
[debug] [2026-08-29T01:47:33.224Z] [update-default-us-central1-helloWorld] Retrying task index 0
[debug] [2026-08-29T01:47:33.224Z] Checked if tokens are valid: true, expires at: 1787969485471
[debug] [2026-08-29T01:47:33.225Z] Checked if tokens are valid: true, expires at: 1787969485471
[debug] [2026-08-29T01:47:33.226Z] >>> [apiv2][query] GET https://cloudfunctions.googleapis.com/v2/projects/atlas-players-app/locations/us-central1/operations/operation-1787968025555-65a25bf087216-be82f234-92294956 [none]
[debug] [2026-08-29T01:47:33.374Z] <<< [apiv2][status] GET https://cloudfunctions.googleapis.com/v2/projects/atlas-players-app/locations/us-central1/operations/operation-1787968025555-65a25bf087216-be82f234-92294956 200
[debug] [2026-08-29T01:47:33.374Z] <<< [apiv2][body] GET https://cloudfunctions.googleapis.com/v2/projects/atlas-players-app/locations/us-central1/operations/operation-1787968025555-65a25bf087216-be82f234-92294956 {"name":"projects/atlas-players-app/locations/us-central1/operations/operation-1787968025555-65a25bf087216-be82f234-92294956","metadata":{"@type":"type.googleapis.com/google.cloud.functions.v2.OperationMetadata","createTime":"2026-08-29T01:47:06.392238982Z","target":"projects/atlas-players-app/locations/us-central1/functions/helloWorld","verb":"update","cancelRequested":false,"apiVersion":"v2","requestResource":{"@type":"type.googleapis.com/google.cloud.functions.v2.Function","name":"projects/atlas-players-app/locations/us-central1/functions/helloWorld","buildConfig":{"runtime":"nodejs22","entryPoint":"helloWorld","source":{"storageSource":{"bucket":"gcf-v2-sources-211739354235-us-central1","object":"helloWorld/function-source.zip","generation":"1787968026319158"}},"environmentVariables":{"GOOGLE_NODE_RUN_SCRIPTS":""},"dockerRepository":"projects/atlas-players-app/locations/us-central1/repositories/gcf-artifacts","sourceProvenance":{"resolvedStorageSource":{"bucket":"gcf-v2-sources-211739354235-us-central1","object":"helloWorld/function-source.zip","generation":"1787967609704070"}},"dockerRegistry":"ARTIFACT_REGISTRY","serviceAccount":"projects/atlas-players-app/serviceAccounts/211739354235-compute@developer.gserviceaccount.com","automaticUpdatePolicy":{}},"serviceConfig":{"service":"projects/atlas-players-app/locations/us-central1/services/helloworld","timeoutSeconds":60,"environmentVariables":{"FIREBASE_CONFIG":"{\"projectId\":\"atlas-players-app\",\"storageBucket\":\"atlas-players-app.firebasestorage.app\"}","GCLOUD_PROJECT":"atlas-players-app","EVENTARC_CLOUD_EVENT_SOURCE":"projects/atlas-players-app/locations/us-central1/services/helloWorld","FUNCTION_REGION":"us-central1","FUNCTION_TARGET":"helloWorld","LOG_EXECUTION_ID":"true"},"ingressSettings":"ALLOW_ALL","uri":"https://helloworld-nzjgjz2gza-uc.a.run.app","serviceAccountEmail":"211739354235-compute@developer.gserviceaccount.com","availableMemory":"256Mi","allTrafficOnLatestRevision":true,"revision":"helloworld-00001-tec","maxInstanceRequestConcurrency":80,"availableCpu":"1"},"state":"ACTIVE","labels":{"deployment-tool":"cli-firebase","firebase-functions-hash":"5561b02cbc53c1c401e79da4a028f27f06d51bca"},"environment":"GEN_2","url":"https://us-central1-atlas-players-app.cloudfunctions.net/helloWorld","satisfiesPzi":true},"stages":[{"name":"BUILD","message":"Build in progress","state":"IN_PROGRESS","resource":"projects/211739354235/locations/us-central1/builds/6b42ec77-6184-4a68-8d3a-1b96753a4f83","resourceUri":"https://console.cloud.google.com/cloud-build/builds;region=us-central1/6b42ec77-6184-4a68-8d3a-1b96753a4f83?project=211739354235"},{"name":"SERVICE","state":"NOT_STARTED"}],"operationType":"UPDATE_FUNCTION","buildName":"projects/211739354235/locations/us-central1/builds/6b42ec77-6184-4a68-8d3a-1b96753a4f83"},"done":false}
[debug] [2026-08-29T01:47:43.376Z] [update-default-us-central1-helloWorld] Retrying task index 0
[debug] [2026-08-29T01:47:43.384Z] Checked if tokens are valid: true, expires at: 1787969485471
[debug] [2026-08-29T01:47:43.384Z] Checked if tokens are valid: true, expires at: 1787969485471
[debug] [2026-08-29T01:47:43.385Z] >>> [apiv2][query] GET https://cloudfunctions.googleapis.com/v2/projects/atlas-players-app/locations/us-central1/operations/operation-1787968025555-65a25bf087216-be82f234-92294956 [none]
[debug] [2026-08-29T01:47:43.513Z] <<< [apiv2][status] GET https://cloudfunctions.googleapis.com/v2/projects/atlas-players-app/locations/us-central1/operations/operation-1787968025555-65a25bf087216-be82f234-92294956 200
[debug] [2026-08-29T01:47:43.513Z] <<< [apiv2][body] GET https://cloudfunctions.googleapis.com/v2/projects/atlas-players-app/locations/us-central1/operations/operation-1787968025555-65a25bf087216-be82f234-92294956 {"name":"projects/atlas-players-app/locations/us-central1/operations/operation-1787968025555-65a25bf087216-be82f234-92294956","metadata":{"@type":"type.googleapis.com/google.cloud.functions.v2.OperationMetadata","createTime":"2026-08-29T01:47:06.392238982Z","target":"projects/atlas-players-app/locations/us-central1/functions/helloWorld","verb":"update","cancelRequested":false,"apiVersion":"v2","requestResource":{"@type":"type.googleapis.com/google.cloud.functions.v2.Function","name":"projects/atlas-players-app/locations/us-central1/functions/helloWorld","buildConfig":{"runtime":"nodejs22","entryPoint":"helloWorld","source":{"storageSource":{"bucket":"gcf-v2-sources-211739354235-us-central1","object":"helloWorld/function-source.zip","generation":"1787968026319158"}},"environmentVariables":{"GOOGLE_NODE_RUN_SCRIPTS":""},"dockerRepository":"projects/atlas-players-app/locations/us-central1/repositories/gcf-artifacts","sourceProvenance":{"resolvedStorageSource":{"bucket":"gcf-v2-sources-211739354235-us-central1","object":"helloWorld/function-source.zip","generation":"1787967609704070"}},"dockerRegistry":"ARTIFACT_REGISTRY","serviceAccount":"projects/atlas-players-app/serviceAccounts/211739354235-compute@developer.gserviceaccount.com","automaticUpdatePolicy":{}},"serviceConfig":{"service":"projects/atlas-players-app/locations/us-central1/services/helloworld","timeoutSeconds":60,"environmentVariables":{"FIREBASE_CONFIG":"{\"projectId\":\"atlas-players-app\",\"storageBucket\":\"atlas-players-app.firebasestorage.app\"}","GCLOUD_PROJECT":"atlas-players-app","EVENTARC_CLOUD_EVENT_SOURCE":"projects/atlas-players-app/locations/us-central1/services/helloWorld","FUNCTION_REGION":"us-central1","FUNCTION_TARGET":"helloWorld","LOG_EXECUTION_ID":"true"},"ingressSettings":"ALLOW_ALL","uri":"https://helloworld-nzjgjz2gza-uc.a.run.app","serviceAccountEmail":"211739354235-compute@developer.gserviceaccount.com","availableMemory":"256Mi","allTrafficOnLatestRevision":true,"revision":"helloworld-00001-tec","maxInstanceRequestConcurrency":80,"availableCpu":"1"},"state":"ACTIVE","labels":{"deployment-tool":"cli-firebase","firebase-functions-hash":"5561b02cbc53c1c401e79da4a028f27f06d51bca"},"environment":"GEN_2","url":"https://us-central1-atlas-players-app.cloudfunctions.net/helloWorld","satisfiesPzi":true},"stages":[{"name":"BUILD","message":"Build in progress","state":"IN_PROGRESS","resource":"projects/211739354235/locations/us-central1/builds/6b42ec77-6184-4a68-8d3a-1b96753a4f83","resourceUri":"https://console.cloud.google.com/cloud-build/builds;region=us-central1/6b42ec77-6184-4a68-8d3a-1b96753a4f83?project=211739354235"},{"name":"SERVICE","state":"NOT_STARTED"}],"operationType":"UPDATE_FUNCTION","buildName":"projects/211739354235/locations/us-central1/builds/6b42ec77-6184-4a68-8d3a-1b96753a4f83"},"done":false}
[debug] [2026-08-29T01:47:53.515Z] [update-default-us-central1-helloWorld] Retrying task index 0
[debug] [2026-08-29T01:47:53.515Z] Checked if tokens are valid: true, expires at: 1787969485471
[debug] [2026-08-29T01:47:53.515Z] Checked if tokens are valid: true, expires at: 1787969485471
[debug] [2026-08-29T01:47:53.516Z] >>> [apiv2][query] GET https://cloudfunctions.googleapis.com/v2/projects/atlas-players-app/locations/us-central1/operations/operation-1787968025555-65a25bf087216-be82f234-92294956 [none]
[debug] [2026-08-29T01:47:53.682Z] <<< [apiv2][status] GET https://cloudfunctions.googleapis.com/v2/projects/atlas-players-app/locations/us-central1/operations/operation-1787968025555-65a25bf087216-be82f234-92294956 200
[debug] [2026-08-29T01:47:53.682Z] <<< [apiv2][body] GET https://cloudfunctions.googleapis.com/v2/projects/atlas-players-app/locations/us-central1/operations/operation-1787968025555-65a25bf087216-be82f234-92294956 {"name":"projects/atlas-players-app/locations/us-central1/operations/operation-1787968025555-65a25bf087216-be82f234-92294956","metadata":{"@type":"type.googleapis.com/google.cloud.functions.v2.OperationMetadata","createTime":"2026-08-29T01:47:06.392238982Z","target":"projects/atlas-players-app/locations/us-central1/functions/helloWorld","verb":"update","cancelRequested":false,"apiVersion":"v2","requestResource":{"@type":"type.googleapis.com/google.cloud.functions.v2.Function","name":"projects/atlas-players-app/locations/us-central1/functions/helloWorld","buildConfig":{"runtime":"nodejs22","entryPoint":"helloWorld","source":{"storageSource":{"bucket":"gcf-v2-sources-211739354235-us-central1","object":"helloWorld/function-source.zip","generation":"1787968026319158"}},"environmentVariables":{"GOOGLE_NODE_RUN_SCRIPTS":""},"dockerRepository":"projects/atlas-players-app/locations/us-central1/repositories/gcf-artifacts","sourceProvenance":{"resolvedStorageSource":{"bucket":"gcf-v2-sources-211739354235-us-central1","object":"helloWorld/function-source.zip","generation":"1787967609704070"}},"dockerRegistry":"ARTIFACT_REGISTRY","serviceAccount":"projects/atlas-players-app/serviceAccounts/211739354235-compute@developer.gserviceaccount.com","automaticUpdatePolicy":{}},"serviceConfig":{"service":"projects/atlas-players-app/locations/us-central1/services/helloworld","timeoutSeconds":60,"environmentVariables":{"FIREBASE_CONFIG":"{\"projectId\":\"atlas-players-app\",\"storageBucket\":\"atlas-players-app.firebasestorage.app\"}","GCLOUD_PROJECT":"atlas-players-app","EVENTARC_CLOUD_EVENT_SOURCE":"projects/atlas-players-app/locations/us-central1/services/helloWorld","FUNCTION_REGION":"us-central1","FUNCTION_TARGET":"helloWorld","LOG_EXECUTION_ID":"true"},"ingressSettings":"ALLOW_ALL","uri":"https://helloworld-nzjgjz2gza-uc.a.run.app","serviceAccountEmail":"211739354235-compute@developer.gserviceaccount.com","availableMemory":"256Mi","allTrafficOnLatestRevision":true,"revision":"helloworld-00001-tec","maxInstanceRequestConcurrency":80,"availableCpu":"1"},"state":"ACTIVE","labels":{"deployment-tool":"cli-firebase","firebase-functions-hash":"5561b02cbc53c1c401e79da4a028f27f06d51bca"},"environment":"GEN_2","url":"https://us-central1-atlas-players-app.cloudfunctions.net/helloWorld","satisfiesPzi":true},"stages":[{"name":"BUILD","message":"Build in progress","state":"IN_PROGRESS","resource":"projects/211739354235/locations/us-central1/builds/6b42ec77-6184-4a68-8d3a-1b96753a4f83","resourceUri":"https://console.cloud.google.com/cloud-build/builds;region=us-central1/6b42ec77-6184-4a68-8d3a-1b96753a4f83?project=211739354235"},{"name":"SERVICE","state":"NOT_STARTED"}],"operationType":"UPDATE_FUNCTION","buildName":"projects/211739354235/locations/us-central1/builds/6b42ec77-6184-4a68-8d3a-1b96753a4f83"},"done":false}
[debug] [2026-08-29T01:48:03.683Z] [update-default-us-central1-helloWorld] Retrying task index 0
[debug] [2026-08-29T01:48:03.684Z] Checked if tokens are valid: true, expires at: 1787969485471
[debug] [2026-08-29T01:48:03.684Z] Checked if tokens are valid: true, expires at: 1787969485471
[debug] [2026-08-29T01:48:03.684Z] >>> [apiv2][query] GET https://cloudfunctions.googleapis.com/v2/projects/atlas-players-app/locations/us-central1/operations/operation-1787968025555-65a25bf087216-be82f234-92294956 [none]
[debug] [2026-08-29T01:48:03.838Z] <<< [apiv2][status] GET https://cloudfunctions.googleapis.com/v2/projects/atlas-players-app/locations/us-central1/operations/operation-1787968025555-65a25bf087216-be82f234-92294956 200
[debug] [2026-08-29T01:48:03.838Z] <<< [apiv2][body] GET https://cloudfunctions.googleapis.com/v2/projects/atlas-players-app/locations/us-central1/operations/operation-1787968025555-65a25bf087216-be82f234-92294956 {"name":"projects/atlas-players-app/locations/us-central1/operations/operation-1787968025555-65a25bf087216-be82f234-92294956","metadata":{"@type":"type.googleapis.com/google.cloud.functions.v2.OperationMetadata","createTime":"2026-08-29T01:47:06.392238982Z","target":"projects/atlas-players-app/locations/us-central1/functions/helloWorld","verb":"update","cancelRequested":false,"apiVersion":"v2","requestResource":{"@type":"type.googleapis.com/google.cloud.functions.v2.Function","name":"projects/atlas-players-app/locations/us-central1/functions/helloWorld","buildConfig":{"runtime":"nodejs22","entryPoint":"helloWorld","source":{"storageSource":{"bucket":"gcf-v2-sources-211739354235-us-central1","object":"helloWorld/function-source.zip","generation":"1787968026319158"}},"environmentVariables":{"GOOGLE_NODE_RUN_SCRIPTS":""},"dockerRepository":"projects/atlas-players-app/locations/us-central1/repositories/gcf-artifacts","sourceProvenance":{"resolvedStorageSource":{"bucket":"gcf-v2-sources-211739354235-us-central1","object":"helloWorld/function-source.zip","generation":"1787967609704070"}},"dockerRegistry":"ARTIFACT_REGISTRY","serviceAccount":"projects/atlas-players-app/serviceAccounts/211739354235-compute@developer.gserviceaccount.com","automaticUpdatePolicy":{}},"serviceConfig":{"service":"projects/atlas-players-app/locations/us-central1/services/helloworld","timeoutSeconds":60,"environmentVariables":{"FIREBASE_CONFIG":"{\"projectId\":\"atlas-players-app\",\"storageBucket\":\"atlas-players-app.firebasestorage.app\"}","GCLOUD_PROJECT":"atlas-players-app","EVENTARC_CLOUD_EVENT_SOURCE":"projects/atlas-players-app/locations/us-central1/services/helloWorld","FUNCTION_REGION":"us-central1","FUNCTION_TARGET":"helloWorld","LOG_EXECUTION_ID":"true"},"ingressSettings":"ALLOW_ALL","uri":"https://helloworld-nzjgjz2gza-uc.a.run.app","serviceAccountEmail":"211739354235-compute@developer.gserviceaccount.com","availableMemory":"256Mi","allTrafficOnLatestRevision":true,"revision":"helloworld-00001-tec","maxInstanceRequestConcurrency":80,"availableCpu":"1"},"state":"ACTIVE","labels":{"deployment-tool":"cli-firebase","firebase-functions-hash":"5561b02cbc53c1c401e79da4a028f27f06d51bca"},"environment":"GEN_2","url":"https://us-central1-atlas-players-app.cloudfunctions.net/helloWorld","satisfiesPzi":true},"stages":[{"name":"BUILD","message":"Build in progress","state":"IN_PROGRESS","resource":"projects/211739354235/locations/us-central1/builds/6b42ec77-6184-4a68-8d3a-1b96753a4f83","resourceUri":"https://console.cloud.google.com/cloud-build/builds;region=us-central1/6b42ec77-6184-4a68-8d3a-1b96753a4f83?project=211739354235"},{"name":"SERVICE","state":"NOT_STARTED"}],"operationType":"UPDATE_FUNCTION","buildName":"projects/211739354235/locations/us-central1/builds/6b42ec77-6184-4a68-8d3a-1b96753a4f83"},"done":false}
[debug] [2026-08-29T01:48:13.839Z] [update-default-us-central1-helloWorld] Retrying task index 0
[debug] [2026-08-29T01:48:13.840Z] Checked if tokens are valid: true, expires at: 1787969485471
[debug] [2026-08-29T01:48:13.840Z] Checked if tokens are valid: true, expires at: 1787969485471
[debug] [2026-08-29T01:48:13.840Z] >>> [apiv2][query] GET https://cloudfunctions.googleapis.com/v2/projects/atlas-players-app/locations/us-central1/operations/operation-1787968025555-65a25bf087216-be82f234-92294956 [none]
[debug] [2026-08-29T01:48:13.962Z] <<< [apiv2][status] GET https://cloudfunctions.googleapis.com/v2/projects/atlas-players-app/locations/us-central1/operations/operation-1787968025555-65a25bf087216-be82f234-92294956 200
[debug] [2026-08-29T01:48:13.962Z] <<< [apiv2][body] GET https://cloudfunctions.googleapis.com/v2/projects/atlas-players-app/locations/us-central1/operations/operation-1787968025555-65a25bf087216-be82f234-92294956 {"name":"projects/atlas-players-app/locations/us-central1/operations/operation-1787968025555-65a25bf087216-be82f234-92294956","metadata":{"@type":"type.googleapis.com/google.cloud.functions.v2.OperationMetadata","createTime":"2026-08-29T01:47:06.392238982Z","target":"projects/atlas-players-app/locations/us-central1/functions/helloWorld","verb":"update","cancelRequested":false,"apiVersion":"v2","requestResource":{"@type":"type.googleapis.com/google.cloud.functions.v2.Function","name":"projects/atlas-players-app/locations/us-central1/functions/helloWorld","buildConfig":{"runtime":"nodejs22","entryPoint":"helloWorld","source":{"storageSource":{"bucket":"gcf-v2-sources-211739354235-us-central1","object":"helloWorld/function-source.zip","generation":"1787968026319158"}},"environmentVariables":{"GOOGLE_NODE_RUN_SCRIPTS":""},"dockerRepository":"projects/atlas-players-app/locations/us-central1/repositories/gcf-artifacts","sourceProvenance":{"resolvedStorageSource":{"bucket":"gcf-v2-sources-211739354235-us-central1","object":"helloWorld/function-source.zip","generation":"1787967609704070"}},"dockerRegistry":"ARTIFACT_REGISTRY","serviceAccount":"projects/atlas-players-app/serviceAccounts/211739354235-compute@developer.gserviceaccount.com","automaticUpdatePolicy":{}},"serviceConfig":{"service":"projects/atlas-players-app/locations/us-central1/services/helloworld","timeoutSeconds":60,"environmentVariables":{"FIREBASE_CONFIG":"{\"projectId\":\"atlas-players-app\",\"storageBucket\":\"atlas-players-app.firebasestorage.app\"}","GCLOUD_PROJECT":"atlas-players-app","EVENTARC_CLOUD_EVENT_SOURCE":"projects/atlas-players-app/locations/us-central1/services/helloWorld","FUNCTION_REGION":"us-central1","FUNCTION_TARGET":"helloWorld","LOG_EXECUTION_ID":"true"},"ingressSettings":"ALLOW_ALL","uri":"https://helloworld-nzjgjz2gza-uc.a.run.app","serviceAccountEmail":"211739354235-compute@developer.gserviceaccount.com","availableMemory":"256Mi","allTrafficOnLatestRevision":true,"revision":"helloworld-00001-tec","maxInstanceRequestConcurrency":80,"availableCpu":"1"},"state":"ACTIVE","labels":{"deployment-tool":"cli-firebase","firebase-functions-hash":"5561b02cbc53c1c401e79da4a028f27f06d51bca"},"environment":"GEN_2","url":"https://us-central1-atlas-players-app.cloudfunctions.net/helloWorld","satisfiesPzi":true},"stages":[{"name":"BUILD","message":"Build in progress","state":"IN_PROGRESS","resource":"projects/211739354235/locations/us-central1/builds/6b42ec77-6184-4a68-8d3a-1b96753a4f83","resourceUri":"https://console.cloud.google.com/cloud-build/builds;region=us-central1/6b42ec77-6184-4a68-8d3a-1b96753a4f83?project=211739354235"},{"name":"SERVICE","state":"NOT_STARTED"}],"operationType":"UPDATE_FUNCTION","buildName":"projects/211739354235/locations/us-central1/builds/6b42ec77-6184-4a68-8d3a-1b96753a4f83"},"done":false}
[debug] [2026-08-29T01:48:23.963Z] [update-default-us-central1-helloWorld] Retrying task index 0
[debug] [2026-08-29T01:48:23.964Z] Checked if tokens are valid: true, expires at: 1787969485471
[debug] [2026-08-29T01:48:23.965Z] Checked if tokens are valid: true, expires at: 1787969485471
[debug] [2026-08-29T01:48:23.965Z] >>> [apiv2][query] GET https://cloudfunctions.googleapis.com/v2/projects/atlas-players-app/locations/us-central1/operations/operation-1787968025555-65a25bf087216-be82f234-92294956 [none]
[debug] [2026-08-29T01:48:24.126Z] <<< [apiv2][status] GET https://cloudfunctions.googleapis.com/v2/projects/atlas-players-app/locations/us-central1/operations/operation-1787968025555-65a25bf087216-be82f234-92294956 200
[debug] [2026-08-29T01:48:24.127Z] <<< [apiv2][body] GET https://cloudfunctions.googleapis.com/v2/projects/atlas-players-app/locations/us-central1/operations/operation-1787968025555-65a25bf087216-be82f234-92294956 {"name":"projects/atlas-players-app/locations/us-central1/operations/operation-1787968025555-65a25bf087216-be82f234-92294956","metadata":{"@type":"type.googleapis.com/google.cloud.functions.v2.OperationMetadata","createTime":"2026-08-29T01:47:06.392238982Z","endTime":"2026-08-29T01:48:21.693587725Z","target":"projects/atlas-players-app/locations/us-central1/functions/helloWorld","verb":"update","cancelRequested":false,"apiVersion":"v2","requestResource":{"@type":"type.googleapis.com/google.cloud.functions.v2.Function","name":"projects/atlas-players-app/locations/us-central1/functions/helloWorld","buildConfig":{"runtime":"nodejs22","entryPoint":"helloWorld","source":{"storageSource":{"bucket":"gcf-v2-sources-211739354235-us-central1","object":"helloWorld/function-source.zip","generation":"1787968026319158"}},"environmentVariables":{"GOOGLE_NODE_RUN_SCRIPTS":""},"dockerRepository":"projects/atlas-players-app/locations/us-central1/repositories/gcf-artifacts","sourceProvenance":{"resolvedStorageSource":{"bucket":"gcf-v2-sources-211739354235-us-central1","object":"helloWorld/function-source.zip","generation":"1787967609704070"}},"dockerRegistry":"ARTIFACT_REGISTRY","serviceAccount":"projects/atlas-players-app/serviceAccounts/211739354235-compute@developer.gserviceaccount.com","automaticUpdatePolicy":{}},"serviceConfig":{"service":"projects/atlas-players-app/locations/us-central1/services/helloworld","timeoutSeconds":60,"environmentVariables":{"FIREBASE_CONFIG":"{\"projectId\":\"atlas-players-app\",\"storageBucket\":\"atlas-players-app.firebasestorage.app\"}","GCLOUD_PROJECT":"atlas-players-app","EVENTARC_CLOUD_EVENT_SOURCE":"projects/atlas-players-app/locations/us-central1/services/helloWorld","FUNCTION_REGION":"us-central1","FUNCTION_TARGET":"helloWorld","LOG_EXECUTION_ID":"true"},"ingressSettings":"ALLOW_ALL","uri":"https://helloworld-nzjgjz2gza-uc.a.run.app","serviceAccountEmail":"211739354235-compute@developer.gserviceaccount.com","availableMemory":"256Mi","allTrafficOnLatestRevision":true,"revision":"helloworld-00001-tec","maxInstanceRequestConcurrency":80,"availableCpu":"1"},"state":"ACTIVE","labels":{"deployment-tool":"cli-firebase","firebase-functions-hash":"5561b02cbc53c1c401e79da4a028f27f06d51bca"},"environment":"GEN_2","url":"https://us-central1-atlas-players-app.cloudfunctions.net/helloWorld","satisfiesPzi":true},"stages":[{"name":"BUILD","message":"Build finished","state":"COMPLETE","resource":"projects/211739354235/locations/us-central1/builds/6b42ec77-6184-4a68-8d3a-1b96753a4f83","resourceUri":"https://console.cloud.google.com/cloud-build/builds;region=us-central1/6b42ec77-6184-4a68-8d3a-1b96753a4f83?project=211739354235"},{"name":"SERVICE","message":"Updating Cloud Run service","state":"COMPLETE","resource":"projects/atlas-players-app/locations/us-central1/services/helloworld","resourceUri":"https://console.cloud.google.com/run/detail/us-central1/helloworld?project=atlas-players-app","stateMessages":[{"severity":"INFO","type":"CloudRunServiceNewRevisionTrafficInfo","message":"A new revision will be deployed serving with 100% traffic."}]}],"sourceToken":"Cldwcm9qZWN0cy8yMTE3MzkzNTQyMzUvbG9jYXRpb25zL3VzLWNlbnRyYWwxL2J1aWxkcy82YjQyZWM3Ny02MTg0LTRhNjgtOGQzYS0xYjk2NzUzYTRmODMSc3VzLWNlbnRyYWwxLWRvY2tlci5wa2cuZGV2L2F0bGFzLXBsYXllcnMtYXBwL2djZi1hcnRpZmFjdHMvYXRsYXMtLXBsYXllcnMtLWFwcF9fdXMtLWNlbnRyYWwxX19oZWxsb193b3JsZDp2ZXJzaW9uXzEY+8iY5ZQGIkVwcm9qZWN0cy9hdGxhcy1wbGF5ZXJzLWFwcC9sb2NhdGlvbnMvdXMtY2VudHJhbDEvZnVuY3Rpb25zL2hlbGxvV29ybGQqCwje9MjUBhCwq84XMghub2RlanMyMjp2CiNnY3IuaW8vZ2FlLXJ1bnRpbWVzL25vZGVqczIyOnN0YWJsZRJPdXMtY2VudHJhbDEtZG9ja2VyLnBrZy5kZXYvc2VydmVybGVzcy1ydW50aW1lcy9nb29nbGUtMjItZnVsbC9ydW50aW1lcy9ub2RlanMyMkAB","operationType":"UPDATE_FUNCTION","buildName":"projects/211739354235/locations/us-central1/builds/6b42ec77-6184-4a68-8d3a-1b96753a4f83"},"done":true,"response":{"@type":"type.googleapis.com/google.cloud.functions.v2.Function","name":"projects/atlas-players-app/locations/us-central1/functions/helloWorld","buildConfig":{"build":"projects/211739354235/locations/us-central1/builds/6b42ec77-6184-4a68-8d3a-1b96753a4f83","runtime":"nodejs22","entryPoint":"helloWorld","source":{"storageSource":{"bucket":"gcf-v2-sources-211739354235-us-central1","object":"helloWorld/function-source.zip","generation":"1787968026319158"}},"environmentVariables":{"GOOGLE_NODE_RUN_SCRIPTS":""},"dockerRepository":"projects/atlas-players-app/locations/us-central1/repositories/gcf-artifacts","sourceProvenance":{"resolvedStorageSource":{"bucket":"gcf-v2-sources-211739354235-us-central1","object":"helloWorld/function-source.zip","generation":"1787968026319158"}},"dockerRegistry":"ARTIFACT_REGISTRY","serviceAccount":"projects/atlas-players-app/serviceAccounts/211739354235-compute@developer.gserviceaccount.com","automaticUpdatePolicy":{}},"serviceConfig":{"service":"projects/atlas-players-app/locations/us-central1/services/helloworld","timeoutSeconds":60,"environmentVariables":{"FIREBASE_CONFIG":"{\"projectId\":\"atlas-players-app\",\"storageBucket\":\"atlas-players-app.firebasestorage.app\"}","GCLOUD_PROJECT":"atlas-players-app","EVENTARC_CLOUD_EVENT_SOURCE":"projects/atlas-players-app/locations/us-central1/services/helloWorld","FUNCTION_REGION":"us-central1","FUNCTION_TARGET":"helloWorld","LOG_EXECUTION_ID":"true"},"maxInstanceCount":20,"ingressSettings":"ALLOW_ALL","uri":"https://helloworld-nzjgjz2gza-uc.a.run.app","serviceAccountEmail":"211739354235-compute@developer.gserviceaccount.com","availableMemory":"256Mi","allTrafficOnLatestRevision":true,"revision":"helloworld-00002-jey","maxInstanceRequestConcurrency":80,"availableCpu":"1"},"state":"ACTIVE","updateTime":"2026-08-29T01:47:06.394344343Z","labels":{"deployment-tool":"cli-firebase","firebase-functions-hash":"5561b02cbc53c1c401e79da4a028f27f06d51bca"},"environment":"GEN_2","url":"https://us-central1-atlas-players-app.cloudfunctions.net/helloWorld","createTime":"2026-08-29T01:40:10.247103052Z","satisfiesPzi":true}}
[debug] [2026-08-29T01:48:24.127Z] Got source token Cldwcm9qZWN0cy8yMTE3MzkzNTQyMzUvbG9jYXRpb25zL3VzLWNlbnRyYWwxL2J1aWxkcy82YjQyZWM3Ny02MTg0LTRhNjgtOGQzYS0xYjk2NzUzYTRmODMSc3VzLWNlbnRyYWwxLWRvY2tlci5wa2cuZGV2L2F0bGFzLXBsYXllcnMtYXBwL2djZi1hcnRpZmFjdHMvYXRsYXMtLXBsYXllcnMtLWFwcF9fdXMtLWNlbnRyYWwxX19oZWxsb193b3JsZDp2ZXJzaW9uXzEY+8iY5ZQGIkVwcm9qZWN0cy9hdGxhcy1wbGF5ZXJzLWFwcC9sb2NhdGlvbnMvdXMtY2VudHJhbDEvZnVuY3Rpb25zL2hlbGxvV29ybGQqCwje9MjUBhCwq84XMghub2RlanMyMjp2CiNnY3IuaW8vZ2FlLXJ1bnRpbWVzL25vZGVqczIyOnN0YWJsZRJPdXMtY2VudHJhbDEtZG9ja2VyLnBrZy5kZXYvc2VydmVybGVzcy1ydW50aW1lcy9nb29nbGUtMjItZnVsbC9ydW50aW1lcy9ub2RlanMyMkAB for region us-central1
[debug] [2026-08-29T01:48:24.129Z] Checked if tokens are valid: true, expires at: 1787969485471
[debug] [2026-08-29T01:48:24.130Z] Checked if tokens are valid: true, expires at: 1787969485471
[debug] [2026-08-29T01:48:24.130Z] >>> [apiv2][query] GET https://run.googleapis.com/v1/projects/atlas-players-app/locations/us-central1/services/helloworld:getIamPolicy [none]
[debug] [2026-08-29T01:48:25.509Z] <<< [apiv2][status] GET https://run.googleapis.com/v1/projects/atlas-players-app/locations/us-central1/services/helloworld:getIamPolicy 200
[debug] [2026-08-29T01:48:25.509Z] <<< [apiv2][body] GET https://run.googleapis.com/v1/projects/atlas-players-app/locations/us-central1/services/helloworld:getIamPolicy {"etag":"ACAB"}
[debug] [2026-08-29T01:48:25.510Z] Checked if tokens are valid: true, expires at: 1787969485471
[debug] [2026-08-29T01:48:25.510Z] Checked if tokens are valid: true, expires at: 1787969485471
[debug] [2026-08-29T01:48:25.510Z] >>> [apiv2][query] POST https://run.googleapis.com/v1/projects/atlas-players-app/locations/us-central1/services/helloworld:setIamPolicy [none]
[debug] [2026-08-29T01:48:25.510Z] >>> [apiv2][body] POST https://run.googleapis.com/v1/projects/atlas-players-app/locations/us-central1/services/helloworld:setIamPolicy {"policy":{"bindings":[{"role":"roles/run.invoker","members":["allUsers"]}],"etag":"ACAB","version":3},"updateMask":"bindings,etag,version"}
[debug] [2026-08-29T01:48:25.787Z] <<< [apiv2][status] POST https://run.googleapis.com/v1/projects/atlas-players-app/locations/us-central1/services/helloworld:setIamPolicy 200
[debug] [2026-08-29T01:48:25.787Z] <<< [apiv2][body] POST https://run.googleapis.com/v1/projects/atlas-players-app/locations/us-central1/services/helloworld:setIamPolicy {"version":1,"etag":"BwZaJcPQhhQ=","bindings":[{"role":"roles/run.invoker","members":["allUsers"]}]}
[info] ✔  functions[helloWorld(us-central1)] Successful update operation. 
[debug] [2026-08-29T01:48:25.797Z] Total Function Deployment time: 80324
[debug] [2026-08-29T01:48:25.797Z] 1 Functions Deployed
[debug] [2026-08-29T01:48:25.797Z] 0 Functions Errored
[debug] [2026-08-29T01:48:25.797Z] 0 Function Deployments Aborted
[debug] [2026-08-29T01:48:25.797Z] Average Function Deployment time: 80323
